NMIR;NORM;WMC_CK_std;WMC_CK_75%;WMC_CK_count;WMC_CK_mean;WMC_CK_25%;WMC_CK_max;NPM;WMC_CK_min;Bugged;NOCh;WMC_CK_50%;NMI;WMC;DIT
0.0;0.0;0.0;0.0;0.0;0.0;0.0;0.0;0.0;0.0;False;0.0;0.0;0.0;0.0;0.0
0.0;0.0;0.0;0.0;0.0;0.0;0.0;0.0;0.0;0.0;False;0.0;0.0;0.0;0.0;0.0
0.0;0.0;0.0;0.0;0.0;0.0;0.0;0.0;0.0;0.0;False;0.0;0.0;0.0;0.0;0.0
0.0;0.0;0.0;0.0;0.0;0.0;0.0;0.0;0.0;0.0;False;0.0;0.0;0.0;0.0;0.0
0.0;0.0;0.0;0.0;0.0;0.0;0.0;0.0;0.0;0.0;False;0.0;0.0;0.0;0.0;0.0
0.0;0.0;0.7071067811865476;1.75;2.0;1.5;1.25;2.0;1.0;1.0;False;0.0;1.5;0.0;1.0;1.0
0.0;0.0;0.0;1.0;4.0;1.0;1.0;1.0;3.0;1.0;False;0.0;1.0;0.0;3.0;1.0
0.0;0.0;0.0;0.0;0.0;0.0;0.0;0.0;2.0;0.0;False;0.0;0.0;0.0;4.0;1.0
0.0;0.0;0.7559289460184545;1.0;7.0;1.2857142857142858;1.0;3.0;2.0;1.0;False;0.0;1.0;0.0;4.0;1.0
0.0;0.0;0.40824829046386296;1.0;6.0;1.1666666666666667;1.0;2.0;4.0;1.0;False;0.0;1.0;0.0;7.0;1.0
0.0;0.0;0.0;0.0;0.0;0.0;0.0;0.0;0.0;0.0;False;0.0;0.0;0.0;0.0;0.0
0.0;0.0;0.0;0.0;0.0;0.0;0.0;0.0;2.0;0.0;False;0.0;0.0;0.0;4.0;1.0
0.0;0.0;0.0;1.0;9.0;1.0;1.0;1.0;2.0;1.0;False;0.0;1.0;0.0;4.0;1.0
0.0;0.0;0.0;1.0;4.0;1.0;1.0;1.0;4.0;1.0;False;0.0;1.0;0.0;4.0;1.0
0.0;0.0;0.0;0.0;0.0;0.0;0.0;0.0;0.0;0.0;False;0.0;0.0;0.0;0.0;0.0
0.0;0.0;0.0;0.0;0.0;0.0;0.0;0.0;0.0;0.0;False;0.0;0.0;0.0;0.0;0.0
0.0;0.0;2.16794833886788;2.0;5.0;2.2;1.0;6.0;4.0;1.0;False;0.0;1.0;0.0;10.0;1.0
0.0;0.0;0.8944271909999159;1.0;5.0;1.4;1.0;3.0;5.0;1.0;False;0.0;1.0;0.0;9.0;1.0
0.0;0.0;0.0;1.0;5.0;1.0;1.0;1.0;0.0;1.0;False;0.0;1.0;0.0;6.0;1.0
0.0;0.0;0.0;1.0;2.0;1.0;1.0;1.0;2.0;1.0;False;0.0;1.0;0.0;4.0;1.0
0.0;0.0;0.0;1.0;1.0;1.0;1.0;1.0;18.0;1.0;False;0.0;1.0;0.0;30.0;1.0
0.0;0.0;0.0;1.0;2.0;1.0;1.0;1.0;18.0;1.0;False;0.0;1.0;0.0;30.0;1.0
0.0;0.0;0.5477225575051661;2.0;5.0;1.6;1.0;2.0;18.0;1.0;False;0.0;2.0;0.0;30.0;1.0
0.0;0.0;0.0;1.0;3.0;1.0;1.0;1.0;18.0;1.0;False;0.0;1.0;0.0;30.0;1.0
0.0;0.0;0.0;1.0;25.0;1.0;1.0;1.0;18.0;1.0;False;0.0;1.0;0.0;30.0;1.0
0.0;0.0;0.0;1.0;1.0;1.0;1.0;1.0;18.0;1.0;False;0.0;1.0;0.0;30.0;1.0
0.0;0.0;0.0;1.0;3.0;1.0;1.0;1.0;18.0;1.0;False;0.0;1.0;0.0;30.0;1.0
0.0;0.0;0.0;1.0;2.0;1.0;1.0;1.0;18.0;1.0;False;0.0;1.0;0.0;30.0;1.0
0.0;0.0;0.0;1.0;4.0;1.0;1.0;1.0;18.0;1.0;False;0.0;1.0;0.0;30.0;1.0
0.0;0.0;0.0;1.0;1.0;1.0;1.0;1.0;18.0;1.0;False;0.0;1.0;0.0;30.0;1.0
0.0;0.0;0.0;1.0;3.0;1.0;1.0;1.0;18.0;1.0;False;0.0;1.0;0.0;30.0;1.0
0.0;0.0;0.0;1.0;1.0;1.0;1.0;1.0;18.0;1.0;False;0.0;1.0;0.0;30.0;1.0
0.0;0.0;0.0;2.0;1.0;2.0;2.0;2.0;18.0;2.0;False;0.0;2.0;0.0;30.0;1.0
0.0;0.0;0.0;0.0;0.0;0.0;0.0;0.0;4.0;0.0;False;0.0;0.0;0.0;6.0;1.0
0.0;0.0;0.0;1.0;7.0;1.0;1.0;1.0;4.0;1.0;False;0.0;1.0;0.0;6.0;1.0
0.0;0.0;2.0;1.0;9.0;1.6666666666666667;1.0;7.0;7.0;1.0;False;0.0;1.0;0.0;17.0;1.0
0.0;0.0;0.0;0.0;0.0;0.0;0.0;0.0;3.0;0.0;False;0.0;0.0;0.0;7.0;1.0
0.0;0.0;1.0;1.0;9.0;1.3333333333333333;1.0;4.0;3.0;1.0;False;0.0;1.0;0.0;7.0;1.0
0.0;0.0;0.0;1.0;10.0;1.0;1.0;1.0;0.0;1.0;False;0.0;1.0;0.0;0.0;0.0
0.0;0.0;1.8929694486000912;2.75;4.0;2.25;1.0;5.0;3.0;1.0;False;0.0;1.5;0.0;6.0;1.0
0.0;0.0;0.0;0.0;0.0;0.0;0.0;0.0;3.0;0.0;False;0.0;0.0;0.0;6.0;1.0
0.0;0.0;2.0;1.75;6.0;2.0;1.0;6.0;3.0;1.0;False;0.0;1.0;0.0;8.0;1.0
0.0;0.0;0.33333333333333337;1.0;9.0;1.1111111111111112;1.0;2.0;9.0;1.0;False;0.0;1.0;0.0;10.0;1.0
0.0;0.0;0.8944271909999159;1.0;5.0;1.4;1.0;3.0;4.0;1.0;False;0.0;1.0;0.0;5.0;1.0
0.0;0.0;1.4142135623730951;2.5;2.0;2.0;1.5;3.0;1.0;1.0;False;0.0;2.0;0.0;1.0;1.0
0.0;0.0;0.0;1.0;8.0;1.0;1.0;1.0;6.0;1.0;False;0.0;1.0;0.0;8.0;1.0
0.0;0.0;0.0;0.0;0.0;0.0;0.0;0.0;5.0;0.0;False;0.0;0.0;0.0;7.0;1.0
0.0;0.0;0.8432740427115678;1.0;10.0;1.4;1.0;3.0;5.0;1.0;False;0.0;1.0;0.0;7.0;1.0
0.0;0.0;0.0;1.0;5.0;1.0;1.0;1.0;5.0;1.0;False;0.0;1.0;0.0;5.0;1.0
0.0;0.0;0.7867957924694431;1.5;7.0;1.4285714285714286;1.0;3.0;5.0;1.0;False;0.0;1.0;0.0;8.0;1.0
0.0;0.0;0.0;0.0;0.0;0.0;0.0;0.0;5.0;0.0;False;0.0;0.0;0.0;8.0;1.0
0.0;0.0;1.0;1.5;4.0;1.5;1.0;3.0;1.0;1.0;False;0.0;1.0;0.0;3.0;1.0
0.0;0.0;1.7320508075688772;2.5;3.0;2.0;1.0;4.0;1.0;1.0;False;0.0;1.0;0.0;2.0;1.0
0.0;0.0;0.0;0.0;0.0;0.0;0.0;0.0;1.0;0.0;False;0.0;0.0;0.0;2.0;1.0
0.0;0.0;0.0;0.0;0.0;0.0;0.0;0.0;1.0;0.0;False;0.0;0.0;0.0;2.0;1.0
0.0;0.0;0.0;0.0;0.0;0.0;0.0;0.0;1.0;0.0;False;0.0;0.0;0.0;2.0;1.0
0.0;0.0;0.5773502691896257;1.5;3.0;1.3333333333333333;1.0;2.0;2.0;1.0;False;0.0;1.0;0.0;3.0;1.0
0.0;0.0;0.0;1.0;2.0;1.0;1.0;1.0;1.0;1.0;False;0.0;1.0;0.0;1.0;1.0
0.0;0.0;0.5;1.25;4.0;1.25;1.0;2.0;3.0;1.0;False;0.0;1.0;0.0;3.0;1.0
0.0;0.0;0.0;0.0;0.0;0.0;0.0;0.0;3.0;0.0;False;0.0;0.0;0.0;3.0;1.0
0.0;0.0;0.7071067811865476;1.75;2.0;1.5;1.25;2.0;1.0;1.0;False;0.0;1.5;0.0;1.0;1.0
0.0;0.0;0.0;1.0;3.0;1.0;1.0;1.0;3.0;1.0;False;0.0;1.0;0.0;3.0;1.0
0.0;0.0;1.0;1.5;4.0;1.5;1.0;3.0;3.0;1.0;False;0.0;1.0;0.0;3.0;1.0
0.0;0.0;0.0;0.0;0.0;0.0;0.0;0.0;3.0;0.0;False;0.0;0.0;0.0;3.0;1.0
0.0;0.0;0.3779644730092273;1.0;7.0;1.1428571428571428;1.0;2.0;2.0;1.0;False;0.0;1.0;0.0;2.0;1.0
0.0;0.0;0.5773502691896257;2.0;3.0;1.6666666666666667;1.5;2.0;3.0;1.0;False;0.0;2.0;0.0;4.0;1.0
0.0;0.0;1.4960264830861911;1.5;7.0;1.7142857142857142;1.0;5.0;5.0;1.0;False;0.0;1.0;0.0;6.0;1.0
0.0;0.0;0.0;0.0;0.0;0.0;0.0;0.0;5.0;0.0;False;0.0;0.0;0.0;6.0;1.0
0.0;0.0;1.6431676725154984;4.0;5.0;2.8;1.0;4.0;3.0;1.0;False;0.0;4.0;0.0;8.0;1.0
0.0;0.0;0.0;0.0;0.0;0.0;0.0;0.0;11.0;0.0;True;0.0;0.0;0.0;11.0;1.0
0.0;0.0;0.0;1.0;12.0;1.0;1.0;1.0;11.0;1.0;True;0.0;1.0;0.0;11.0;1.0
0.0;0.0;0.0;0.0;0.0;0.0;0.0;0.0;11.0;0.0;True;0.0;0.0;0.0;11.0;1.0
0.0;0.0;1.8929694486000912;2.75;4.0;2.25;1.0;5.0;3.0;1.0;False;0.0;1.5;0.0;3.0;1.0
0.0;0.0;0.0;0.0;0.0;0.0;0.0;0.0;3.0;0.0;False;0.0;0.0;0.0;3.0;1.0
0.0;0.0;0.5477225575051661;2.0;5.0;1.4;1.0;2.0;1.0;1.0;False;0.0;1.0;0.0;2.0;1.0
0.0;0.0;0.0;0.0;0.0;0.0;0.0;0.0;1.0;0.0;False;0.0;0.0;0.0;2.0;1.0
0.0;0.0;0.0;1.0;1.0;1.0;1.0;1.0;10.0;1.0;False;0.0;1.0;0.0;14.0;1.0
0.0;0.0;0.0;0.0;0.0;0.0;0.0;0.0;10.0;0.0;False;0.0;0.0;0.0;14.0;1.0
0.0;0.0;0.5773502691896257;1.0;16.0;1.25;1.0;3.0;10.0;1.0;False;0.0;1.0;0.0;14.0;1.0
0.0;0.0;0.0;1.0;15.0;1.0;1.0;1.0;12.0;1.0;False;0.0;1.0;0.0;15.0;1.0
0.0;0.0;0.0;0.0;0.0;0.0;0.0;0.0;3.0;0.0;False;0.0;0.0;0.0;4.0;1.0
0.0;0.0;0.0;1.0;5.0;1.0;1.0;1.0;3.0;1.0;False;0.0;1.0;0.0;4.0;1.0
0.0;0.0;0.4472135954999579;1.0;5.0;1.2;1.0;2.0;4.0;1.0;False;0.0;1.0;0.0;6.0;1.0
0.0;0.0;0.0;1.0;1.0;1.0;1.0;1.0;6.0;1.0;True;0.0;1.0;0.0;9.0;1.0
0.0;0.0;0.4385290096535146;1.0;13.0;1.2307692307692308;1.0;2.0;6.0;1.0;True;0.0;1.0;0.0;9.0;1.0
0.0;0.0;0.5477225575051661;2.0;5.0;1.4;1.0;2.0;3.0;1.0;False;0.0;1.0;0.0;6.0;1.0
0.0;0.0;0.0;0.0;0.0;0.0;0.0;0.0;2.0;0.0;False;0.0;0.0;0.0;3.0;1.0
0.0;0.0;0.5;1.25;4.0;1.25;1.0;2.0;2.0;1.0;False;0.0;1.0;0.0;3.0;1.0
0.0;0.0;1.1303883305208782;1.0;9.0;1.5555555555555556;1.0;4.0;6.0;1.0;False;0.0;1.0;0.0;10.0;1.0
0.0;0.0;1.5735915849388862;2.0;7.0;1.8571428571428568;1.0;5.0;5.0;1.0;False;0.0;1.0;0.0;9.0;1.0
0.0;0.0;1.1547005383792517;3.0;4.0;2.0;1.0;3.0;3.0;1.0;False;0.0;2.0;0.0;5.0;1.0
0.0;0.0;2.0714509627092528;2.0;11.0;2.090909090909091;1.0;8.0;4.0;1.0;False;0.0;1.0;0.0;12.0;1.0
0.0;0.0;0.5163977794943222;1.75;6.0;1.3333333333333333;1.0;2.0;4.0;1.0;False;0.0;1.0;0.0;4.0;1.0
0.0;0.0;0.0;0.0;0.0;0.0;0.0;0.0;5.0;0.0;False;0.0;0.0;0.0;8.0;1.0
0.0;0.0;0.0;0.0;0.0;0.0;0.0;0.0;5.0;0.0;False;0.0;0.0;0.0;8.0;1.0
0.0;0.0;0.5;2.0;9.0;1.3333333333333333;1.0;2.0;5.0;1.0;False;0.0;1.0;0.0;8.0;1.0
0.0;0.0;0.0;0.0;0.0;0.0;0.0;0.0;6.0;0.0;False;0.0;0.0;0.0;7.0;1.0
0.0;0.0;0.3535533905932738;1.0;8.0;1.125;1.0;2.0;6.0;1.0;False;0.0;1.0;0.0;7.0;1.0
0.0;0.0;0.0;0.0;0.0;0.0;0.0;0.0;1.0;0.0;False;0.0;0.0;0.0;1.0;1.0
0.0;0.0;0.0;1.0;2.0;1.0;1.0;1.0;1.0;1.0;False;0.0;1.0;0.0;1.0;1.0
0.0;0.0;1.7021856236720767;1.0;13.0;1.6923076923076923;1.0;7.0;11.0;1.0;False;0.0;1.0;0.0;18.0;1.0
0.0;0.0;0.0;1.0;3.0;1.0;1.0;1.0;2.0;1.0;False;0.0;1.0;0.0;3.0;1.0
0.0;0.0;0.0;0.0;0.0;0.0;0.0;0.0;2.0;0.0;False;0.0;0.0;0.0;3.0;1.0
0.0;0.0;4.242640687119285;5.5;2.0;4.0;2.5;7.0;1.0;1.0;False;0.0;4.0;0.0;5.0;1.0
0.0;0.0;0.0;0.0;0.0;0.0;0.0;0.0;1.0;0.0;False;0.0;0.0;0.0;5.0;1.0
0.0;0.0;0.5477225575051661;2.0;6.0;1.5;1.0;2.0;4.0;1.0;False;0.0;1.5;0.0;10.0;1.0
0.0;0.0;0.4045199174779453;1.0;11.0;1.181818181818182;1.0;2.0;9.0;1.0;False;0.0;1.0;0.0;15.0;1.0
0.0;0.0;0.0;0.0;0.0;0.0;0.0;0.0;9.0;0.0;False;0.0;0.0;0.0;15.0;1.0
0.0;0.0;2.1213203435596424;3.25;2.0;2.5;1.75;4.0;1.0;1.0;False;0.0;2.5;0.0;4.0;1.0
0.0;0.0;0.0;1.0;1.0;1.0;1.0;1.0;1.0;1.0;False;0.0;1.0;0.0;1.0;1.0
0.0;0.0;0.0;1.0;4.0;1.0;1.0;1.0;4.0;1.0;False;0.0;1.0;0.0;4.0;1.0
0.0;0.0;1.1547005383792517;2.0;3.0;1.6666666666666667;1.0;3.0;2.0;1.0;False;0.0;1.0;0.0;4.0;1.0
0.0;0.0;0.0;0.0;0.0;0.0;0.0;0.0;1.0;0.0;True;0.0;0.0;0.0;1.0;1.0
0.0;0.0;0.0;1.0;4.0;1.0;1.0;1.0;1.0;1.0;True;0.0;1.0;0.0;1.0;1.0
0.0;0.0;0.0;1.0;1.0;1.0;1.0;1.0;1.0;1.0;False;0.0;1.0;0.0;1.0;1.0
0.0;0.0;0.40824829046386296;1.0;6.0;1.1666666666666667;1.0;2.0;5.0;1.0;True;0.0;1.0;0.0;6.0;1.0
0.0;0.0;0.33333333333333337;1.0;9.0;1.1111111111111112;1.0;2.0;3.0;1.0;False;0.0;1.0;0.0;6.0;1.0
0.0;0.0;0.0;0.0;0.0;0.0;0.0;0.0;3.0;0.0;False;0.0;0.0;0.0;6.0;1.0
0.0;0.0;0.0;0.0;0.0;0.0;0.0;0.0;3.0;0.0;False;0.0;0.0;0.0;6.0;1.0
0.0;0.0;0.0;1.0;9.0;1.0;1.0;1.0;6.0;1.0;True;0.0;1.0;0.0;8.0;1.0
0.0;0.0;0.7559289460184544;1.0;7.0;1.2857142857142858;1.0;3.0;1.0;1.0;True;0.0;1.0;0.0;5.0;1.0
0.0;0.0;0.0;0.0;0.0;0.0;0.0;0.0;1.0;0.0;True;0.0;0.0;0.0;5.0;1.0
0.0;0.0;0.0;1.0;1.0;1.0;1.0;1.0;1.0;1.0;True;0.0;1.0;0.0;5.0;1.0
0.0;0.0;0.0;1.0;1.0;1.0;1.0;1.0;1.0;1.0;True;0.0;1.0;0.0;5.0;1.0
0.0;0.0;0.5773502691896257;1.5;3.0;1.3333333333333333;1.0;2.0;2.0;1.0;False;0.0;1.0;0.0;2.0;1.0
0.0;0.0;0.4472135954999579;1.0;5.0;1.2;1.0;2.0;3.0;1.0;False;0.0;1.0;0.0;4.0;1.0
0.0;0.0;0.0;1.0;7.0;1.0;1.0;1.0;4.0;1.0;False;0.0;1.0;0.0;4.0;1.0
0.0;0.0;0.5773502691896257;1.5;3.0;1.3333333333333333;1.0;2.0;1.0;1.0;False;0.0;1.0;0.0;1.0;1.0
0.0;0.0;0.0;1.0;1.0;1.0;1.0;1.0;1.0;1.0;False;0.0;1.0;0.0;1.0;1.0
0.0;0.0;0.4472135954999579;1.0;5.0;1.2;1.0;2.0;4.0;1.0;False;0.0;1.0;0.0;5.0;1.0
0.0;0.0;0.4472135954999579;1.0;5.0;1.2;1.0;2.0;4.0;1.0;False;0.0;1.0;0.0;5.0;1.0
0.0;0.0;0.5163977794943222;2.0;10.0;1.4;1.0;2.0;6.0;1.0;True;0.0;1.0;0.0;7.0;1.0
0.0;0.0;0.0;0.0;0.0;0.0;0.0;0.0;6.0;0.0;True;0.0;0.0;0.0;7.0;1.0
0.0;0.0;0.4629100498862757;1.25;8.0;1.25;1.0;2.0;5.0;1.0;False;0.0;1.0;0.0;7.0;1.0
0.0;0.0;0.4472135954999581;2.0;5.0;1.8;2.0;2.0;0.0;1.0;False;0.0;2.0;0.0;0.0;0.0
0.0;0.0;2.050498830661811;1.0;12.0;1.75;1.0;8.0;9.0;1.0;False;0.0;1.0;0.0;17.0;1.0
0.0;0.0;0.0;1.0;1.0;1.0;1.0;1.0;9.0;1.0;False;0.0;1.0;0.0;17.0;1.0
0.0;0.0;0.0;0.0;0.0;0.0;0.0;0.0;9.0;0.0;False;0.0;0.0;0.0;17.0;1.0
0.0;0.0;3.4641016151377544;4.0;3.0;3.0;1.0;7.0;9.0;1.0;False;0.0;1.0;0.0;17.0;1.0
0.0;0.0;0.0;0.0;0.0;0.0;0.0;0.0;9.0;0.0;False;0.0;0.0;0.0;17.0;1.0
0.0;0.0;0.40824829046386296;1.0;6.0;1.1666666666666667;1.0;2.0;3.0;1.0;False;0.0;1.0;0.0;5.0;1.0
0.0;0.0;0.3947710169758613;1.0;22.0;1.181818181818182;1.0;2.0;20.0;1.0;False;0.0;1.0;0.0;21.0;1.0
0.0;0.0;0.0;0.0;0.0;0.0;0.0;0.0;20.0;0.0;False;0.0;0.0;0.0;21.0;1.0
0.0;0.0;0.0;1.0;1.0;1.0;1.0;1.0;20.0;1.0;False;0.0;1.0;0.0;21.0;1.0
0.0;0.0;0.0;1.0;1.0;1.0;1.0;1.0;20.0;1.0;False;0.0;1.0;0.0;21.0;1.0
0.0;0.0;1.5118578920369092;1.0;7.0;1.5714285714285714;1.0;5.0;2.0;1.0;False;0.0;1.0;0.0;2.0;1.0
0.0;0.0;0.0;0.0;0.0;0.0;0.0;0.0;2.0;0.0;False;0.0;0.0;0.0;2.0;1.0
0.0;0.0;0.0;0.0;0.0;0.0;0.0;0.0;2.0;0.0;False;0.0;0.0;0.0;2.0;1.0
0.0;0.0;0.0;2.0;1.0;2.0;2.0;2.0;2.0;2.0;False;0.0;2.0;0.0;2.0;1.0
0.0;0.0;0.0;1.0;3.0;1.0;1.0;1.0;2.0;1.0;False;0.0;1.0;0.0;2.0;1.0
0.0;0.0;0.0;5.0;1.0;5.0;5.0;5.0;2.0;5.0;False;0.0;5.0;0.0;2.0;1.0
0.0;0.0;0.0;0.0;0.0;0.0;0.0;0.0;2.0;0.0;False;0.0;0.0;0.0;2.0;1.0
0.0;0.0;0.0;0.0;0.0;0.0;0.0;0.0;2.0;0.0;False;0.0;0.0;0.0;2.0;1.0
0.0;0.0;1.4638501094227998;2.0;7.0;1.8571428571428568;1.0;5.0;2.0;1.0;False;0.0;1.0;0.0;7.0;1.0
0.0;0.0;0.0;1.0;1.0;1.0;1.0;1.0;2.0;1.0;False;0.0;1.0;0.0;7.0;1.0
0.0;0.0;0.0;1.0;1.0;1.0;1.0;1.0;2.0;1.0;False;0.0;1.0;0.0;7.0;1.0
0.0;0.0;0.7071067811865476;1.75;2.0;1.5;1.25;2.0;2.0;1.0;False;0.0;1.5;0.0;7.0;1.0
0.0;0.0;1.2776356840572631;2.0;17.0;1.5882352941176472;1.0;6.0;2.0;1.0;False;0.0;1.0;0.0;7.0;1.0
0.0;0.0;0.0;1.0;1.0;1.0;1.0;1.0;2.0;1.0;False;0.0;1.0;0.0;7.0;1.0
0.0;0.0;0.8548504142651103;2.0;14.0;1.5;1.0;4.0;2.0;1.0;False;0.0;1.0;0.0;7.0;1.0
0.0;0.0;1.6756169931378433;2.0;13.0;1.8461538461538465;1.0;6.0;2.0;1.0;False;0.0;1.0;0.0;7.0;1.0
0.0;0.0;0.0;1.0;5.0;1.0;1.0;1.0;3.0;1.0;False;0.0;1.0;0.0;3.0;1.0
0.0;0.0;0.0;1.0;7.0;1.0;1.0;1.0;6.0;1.0;False;0.0;1.0;0.0;8.0;1.0
0.0;0.0;0.0;1.0;1.0;1.0;1.0;1.0;1.0;1.0;False;0.0;1.0;0.0;1.0;1.0
0.0;0.0;0.0;1.0;4.0;1.0;1.0;1.0;3.0;1.0;False;0.0;1.0;0.0;4.0;1.0
0.0;0.0;0.0;0.0;0.0;0.0;0.0;0.0;3.0;0.0;False;0.0;0.0;0.0;4.0;1.0
0.0;0.0;0.18257418583505536;1.0;30.0;1.0333333333333334;1.0;2.0;18.0;1.0;False;0.0;1.0;0.0;24.0;1.0
0.0;0.0;0.0;1.0;6.0;1.0;1.0;1.0;4.0;1.0;False;0.0;1.0;0.0;5.0;1.0
0.0;0.0;4.949747468305833;6.25;2.0;4.5;2.75;8.0;1.0;1.0;False;0.0;4.5;0.0;8.0;1.0
0.0;0.0;3.5355339059327378;4.75;2.0;3.5;2.25;6.0;1.0;1.0;False;0.0;3.5;0.0;6.0;1.0
0.0;0.0;4.242640687119285;5.5;2.0;4.0;2.5;7.0;1.0;1.0;False;0.0;4.0;0.0;7.0;1.0
0.0;0.0;4.242640687119285;5.5;2.0;4.0;2.5;7.0;1.0;1.0;False;0.0;4.0;0.0;7.0;1.0
0.0;0.0;0.0;1.0;3.0;1.0;1.0;1.0;2.0;1.0;False;0.0;1.0;0.0;3.0;1.0
0.0;0.0;0.0;1.0;3.0;1.0;1.0;1.0;2.0;1.0;False;0.0;1.0;0.0;3.0;1.0
0.0;0.0;0.0;1.0;1.0;1.0;1.0;1.0;0.0;1.0;False;0.0;1.0;0.0;1.0;1.0
0.0;0.0;0.0;1.0;1.0;1.0;1.0;1.0;0.0;1.0;False;0.0;1.0;0.0;1.0;1.0
0.0;0.0;0.0;1.0;1.0;1.0;1.0;1.0;0.0;1.0;False;0.0;1.0;0.0;1.0;1.0
0.0;0.0;0.0;1.0;1.0;1.0;1.0;1.0;0.0;1.0;False;0.0;1.0;0.0;1.0;1.0
0.0;0.0;0.0;1.0;2.0;1.0;1.0;1.0;0.0;1.0;False;0.0;1.0;0.0;0.0;0.0
0.0;0.0;0.6749485577105528;1.0;10.0;1.3;1.0;3.0;5.0;1.0;False;0.0;1.0;0.0;11.0;1.0
0.0;0.0;0.0;0.0;0.0;0.0;0.0;0.0;5.0;0.0;False;0.0;0.0;0.0;11.0;1.0
0.0;0.0;0.0;0.0;0.0;0.0;0.0;0.0;13.0;0.0;False;0.0;0.0;0.0;21.0;1.0
0.0;0.0;0.0;1.0;1.0;1.0;1.0;1.0;13.0;1.0;False;0.0;1.0;0.0;21.0;1.0
0.0;0.0;0.0;0.0;0.0;0.0;0.0;0.0;13.0;0.0;False;0.0;0.0;0.0;21.0;1.0
0.0;0.0;0.6859943405700354;1.0;18.0;1.3333333333333333;1.0;3.0;13.0;1.0;False;0.0;1.0;0.0;21.0;1.0
0.0;0.0;0.0;1.0;4.0;1.0;1.0;1.0;3.0;1.0;False;0.0;1.0;0.0;3.0;1.0
0.0;0.0;0.0;0.0;0.0;0.0;0.0;0.0;3.0;0.0;False;0.0;0.0;0.0;3.0;1.0
0.0;0.0;0.0;1.0;1.0;1.0;1.0;1.0;0.0;1.0;False;0.0;1.0;0.0;1.0;1.0
0.0;0.0;0.0;1.0;1.0;1.0;1.0;1.0;0.0;1.0;False;0.0;1.0;0.0;1.0;1.0
0.0;0.0;0.0;0.0;0.0;0.0;0.0;0.0;0.0;0.0;False;0.0;0.0;0.0;0.0;0.0
0.0;0.0;0.8944271909999159;2.0;5.0;1.6;1.0;3.0;0.0;1.0;False;0.0;1.0;0.0;0.0;0.0
0.0;0.0;0.0;1.0;1.0;1.0;1.0;1.0;1.0;1.0;False;0.0;1.0;0.0;5.0;1.0
0.0;0.0;0.5;1.25;4.0;1.25;1.0;2.0;1.0;1.0;False;0.0;1.0;0.0;5.0;1.0
0.0;0.0;0.0;1.0;1.0;1.0;1.0;1.0;1.0;1.0;False;0.0;1.0;0.0;5.0;1.0
0.0;0.0;0.0;1.0;3.0;1.0;1.0;1.0;0.0;1.0;False;0.0;1.0;0.0;4.0;1.0
0.0;0.0;0.0;0.0;0.0;0.0;0.0;0.0;5.0;0.0;False;0.0;0.0;0.0;7.0;1.0
0.0;0.0;0.31622776601683794;1.0;10.0;1.1;1.0;2.0;5.0;1.0;False;0.0;1.0;0.0;7.0;1.0
0.0;0.0;0.0;0.0;0.0;0.0;0.0;0.0;0.0;0.0;False;0.0;0.0;0.0;0.0;0.0
0.0;0.0;0.0;1.0;2.0;1.0;1.0;1.0;2.0;1.0;False;0.0;1.0;0.0;5.0;1.0
0.0;0.0;0.6117752903214979;2.0;19.0;1.5263157894736843;1.0;3.0;8.0;1.0;False;0.0;1.0;0.0;30.0;1.0
0.0;0.0;0.0;1.0;1.0;1.0;1.0;1.0;0.0;1.0;False;0.0;1.0;0.0;2.0;1.0
0.0;0.0;0.4472135954999579;1.0;5.0;1.2;1.0;2.0;5.0;1.0;False;0.0;1.0;0.0;6.0;1.0
0.0;0.0;0.4472135954999581;1.0;5.0;1.2;1.0;2.0;9.0;1.0;False;0.0;1.0;0.0;19.0;1.0
0.0;0.0;1.6458405781822274;1.0;14.0;1.6428571428571428;1.0;6.0;9.0;1.0;False;0.0;1.0;0.0;19.0;1.0
0.0;0.0;0.0;1.0;3.0;1.0;1.0;1.0;3.0;1.0;False;0.0;1.0;0.0;3.0;1.0
0.0;0.0;0.0;1.0;28.0;1.0;1.0;1.0;0.0;1.0;False;0.0;1.0;0.0;31.0;1.0
0.0;0.0;0.0;1.0;1.0;1.0;1.0;1.0;0.0;1.0;False;0.0;1.0;0.0;31.0;1.0
0.0;0.0;0.0;1.0;7.0;1.0;1.0;1.0;0.0;1.0;False;0.0;1.0;0.0;8.0;1.0
0.0;0.0;0.0;1.0;1.0;1.0;1.0;1.0;0.0;1.0;False;0.0;1.0;0.0;1.0;1.0
0.0;0.0;0.0;1.0;24.0;1.0;1.0;1.0;0.0;1.0;False;0.0;1.0;0.0;27.0;1.0
0.0;0.0;0.0;0.0;0.0;0.0;0.0;0.0;0.0;0.0;False;0.0;0.0;0.0;27.0;1.0
0.0;0.0;2.5055493963954847;2.75;10.0;2.5;1.0;8.0;9.0;1.0;False;0.0;1.0;0.0;27.0;1.0
0.0;0.0;0.0;1.0;3.0;1.0;1.0;1.0;4.0;1.0;False;0.0;1.0;0.0;6.0;1.0
0.0;0.0;0.6749485577105528;1.0;10.0;1.3;1.0;3.0;4.0;1.0;False;0.0;1.0;0.0;6.0;1.0
0.0;0.0;0.0;1.0;17.0;1.0;1.0;1.0;0.0;1.0;True;0.0;1.0;0.0;19.0;1.0
0.0;0.0;0.0;1.0;1.0;1.0;1.0;1.0;0.0;1.0;True;0.0;1.0;0.0;19.0;1.0
0.0;0.0;0.7432233529572064;2.0;15.0;1.4666666666666666;1.0;3.0;10.0;1.0;False;0.0;1.0;0.0;22.0;1.0
0.0;0.0;0.0;1.0;5.0;1.0;1.0;1.0;0.0;1.0;False;0.0;1.0;0.0;6.0;1.0
0.0;0.0;0.4409585518440984;1.0;9.0;1.2222222222222223;1.0;2.0;2.0;1.0;False;0.0;1.0;0.0;6.0;1.0
0.0;0.0;0.983192080250175;2.0;6.0;2.1666666666666665;2.0;4.0;2.0;1.0;False;0.0;2.0;0.0;6.0;1.0
0.0;0.0;0.0;1.0;2.0;1.0;1.0;1.0;0.0;1.0;False;0.0;1.0;0.0;3.0;1.0
0.0;0.0;0.0;1.0;5.0;1.0;1.0;1.0;0.0;1.0;False;0.0;1.0;0.0;6.0;1.0
0.0;0.0;0.0;1.0;1.0;1.0;1.0;1.0;0.0;1.0;False;0.0;1.0;0.0;1.0;1.0
0.0;0.0;0.0;1.0;1.0;1.0;1.0;1.0;0.0;1.0;False;0.0;1.0;0.0;1.0;1.0
0.0;0.0;0.0;0.0;0.0;0.0;0.0;0.0;0.0;0.0;False;0.0;0.0;0.0;0.0;0.0
0.0;0.0;0.0;1.0;4.0;1.0;1.0;1.0;0.0;1.0;False;0.0;1.0;0.0;5.0;1.0
0.0;0.0;0.0;1.0;1.0;1.0;1.0;1.0;0.0;1.0;False;0.0;1.0;0.0;2.0;1.0
0.0;0.0;0.0;0.0;0.0;0.0;0.0;0.0;9.0;0.0;False;1.0;0.0;0.0;25.0;1.0
0.0;0.0;2.6628760937957834;1.0;12.0;2.0;1.0;10.0;9.0;1.0;False;1.0;1.0;0.0;25.0;1.0
0.0;0.0;0.0;0.0;0.0;0.0;0.0;0.0;10.0;0.0;False;1.0;0.0;0.0;30.0;1.0
0.0;0.0;3.158220855855236;1.0;13.0;2.1538461538461537;1.0;12.0;10.0;1.0;False;1.0;1.0;0.0;30.0;1.0
0.0;0.0;1.1338934190276817;1.5;7.0;1.5714285714285714;1.0;4.0;7.0;1.0;False;0.0;1.0;0.0;11.0;1.0
0.0;0.0;2.3804761428476167;3.0;4.0;2.5;1.0;6.0;4.0;1.0;False;0.0;1.5;0.0;12.0;1.0
0.0;0.0;0.0;3.0;1.0;3.0;3.0;3.0;38.0;3.0;True;0.0;3.0;0.0;53.0;1.0
0.0;0.0;0.8930348885778172;1.0;52.0;1.2115384615384617;1.0;7.0;38.0;1.0;True;0.0;1.0;0.0;53.0;1.0
0.0;0.0;0.7071067811865476;1.75;2.0;1.5;1.25;2.0;38.0;1.0;True;0.0;1.5;0.0;53.0;1.0
0.0;0.0;0.0;1.0;1.0;1.0;1.0;1.0;38.0;1.0;True;0.0;1.0;0.0;53.0;1.0
0.0;0.0;1.4142135623730951;2.5;2.0;2.0;1.5;3.0;38.0;1.0;True;0.0;2.0;0.0;53.0;1.0
0.0;0.0;1.4142135623730951;2.5;2.0;2.0;1.5;3.0;38.0;1.0;True;0.0;2.0;0.0;53.0;1.0
0.0;0.0;0.0;0.0;0.0;0.0;0.0;0.0;38.0;0.0;True;0.0;0.0;0.0;53.0;1.0
0.0;0.0;0.0;3.0;1.0;3.0;3.0;3.0;38.0;3.0;True;0.0;3.0;0.0;53.0;1.0
0.0;0.0;0.0;1.0;1.0;1.0;1.0;1.0;38.0;1.0;True;0.0;1.0;0.0;53.0;1.0
0.0;0.0;1.1547005383792517;2.0;3.0;1.6666666666666667;1.0;3.0;38.0;1.0;True;0.0;1.0;0.0;53.0;1.0
0.0;0.0;0.0;0.0;0.0;0.0;0.0;0.0;38.0;0.0;True;0.0;0.0;0.0;53.0;1.0
0.0;0.0;1.1547005383792517;2.0;3.0;1.6666666666666667;1.0;3.0;38.0;1.0;True;0.0;1.0;0.0;53.0;1.0
0.0;0.0;0.0;0.0;0.0;0.0;0.0;0.0;38.0;0.0;True;0.0;0.0;0.0;53.0;1.0
0.0;0.0;0.0;1.0;1.0;1.0;1.0;1.0;38.0;1.0;True;0.0;1.0;0.0;53.0;1.0
0.0;0.0;1.4142135623730951;2.5;2.0;2.0;1.5;3.0;38.0;1.0;True;0.0;2.0;0.0;53.0;1.0
0.0;0.0;1.4142135623730951;2.5;2.0;2.0;1.5;3.0;38.0;1.0;True;0.0;2.0;0.0;53.0;1.0
0.0;0.0;1.4142135623730951;2.5;2.0;2.0;1.5;3.0;38.0;1.0;True;0.0;2.0;0.0;53.0;1.0
0.0;0.0;0.0;0.0;0.0;0.0;0.0;0.0;38.0;0.0;True;0.0;0.0;0.0;53.0;1.0
0.0;0.0;0.0;1.0;1.0;1.0;1.0;1.0;38.0;1.0;True;0.0;1.0;0.0;53.0;1.0
0.0;0.0;0.0;0.0;0.0;0.0;0.0;0.0;38.0;0.0;True;0.0;0.0;0.0;53.0;1.0
0.0;0.0;1.1547005383792517;2.0;3.0;1.6666666666666667;1.0;3.0;38.0;1.0;True;0.0;1.0;0.0;53.0;1.0
0.0;0.0;0.0;1.0;1.0;1.0;1.0;1.0;38.0;1.0;True;0.0;1.0;0.0;53.0;1.0
0.0;0.0;0.0;1.0;3.0;1.0;1.0;1.0;38.0;1.0;True;0.0;1.0;0.0;53.0;1.0
0.0;0.0;0.0;0.0;0.0;0.0;0.0;0.0;38.0;0.0;True;0.0;0.0;0.0;53.0;1.0
0.0;0.0;0.0;1.0;1.0;1.0;1.0;1.0;38.0;1.0;True;0.0;1.0;0.0;53.0;1.0
0.0;0.0;0.0;1.0;2.0;1.0;1.0;1.0;38.0;1.0;True;0.0;1.0;0.0;53.0;1.0
0.0;0.0;0.0;1.0;2.0;1.0;1.0;1.0;38.0;1.0;True;0.0;1.0;0.0;53.0;1.0
0.0;0.0;0.0;0.0;0.0;0.0;0.0;0.0;38.0;0.0;True;0.0;0.0;0.0;53.0;1.0
0.0;0.0;0.0;2.0;1.0;2.0;2.0;2.0;38.0;2.0;True;0.0;2.0;0.0;53.0;1.0
0.0;0.0;0.7071067811865476;1.75;2.0;1.5;1.25;2.0;38.0;1.0;True;0.0;1.5;0.0;53.0;1.0
0.0;0.0;0.0;1.0;7.0;1.0;1.0;1.0;7.0;1.0;False;0.0;1.0;0.0;8.0;1.0
0.0;0.0;0.0;1.0;3.0;1.0;1.0;1.0;3.0;1.0;False;0.0;1.0;0.0;4.0;1.0
0.0;0.0;0.0;1.0;1.0;1.0;1.0;1.0;7.0;1.0;False;0.0;1.0;0.0;11.0;1.0
0.0;0.0;0.6324555320336759;2.0;6.0;2.0;2.0;3.0;7.0;1.0;False;0.0;2.0;0.0;11.0;1.0
0.0;0.0;0.31622776601683794;1.0;10.0;1.1;1.0;2.0;7.0;1.0;False;0.0;1.0;0.0;11.0;1.0
0.0;0.0;0.0;1.0;5.0;1.0;1.0;1.0;7.0;1.0;False;0.0;1.0;0.0;11.0;1.0
0.0;0.0;0.5;2.0;4.0;1.75;1.75;2.0;7.0;1.0;False;0.0;2.0;0.0;11.0;1.0
0.0;0.0;0.0;1.0;2.0;1.0;1.0;1.0;2.0;1.0;False;0.0;1.0;0.0;3.0;1.0
0.0;0.0;0.0;1.0;5.0;1.0;1.0;1.0;5.0;1.0;False;0.0;1.0;0.0;6.0;1.0
0.0;0.0;0.5773502691896257;1.5;3.0;1.3333333333333333;1.0;2.0;3.0;1.0;False;0.0;1.0;0.0;4.0;1.0
0.0;0.0;0.0;0.0;0.0;0.0;0.0;0.0;0.0;0.0;False;0.0;0.0;0.0;0.0;0.0
0.0;0.0;1.4142135623730951;3.5;2.0;3.0;2.5;4.0;1.0;2.0;False;0.0;3.0;0.0;4.0;1.0
0.0;0.0;2.5035587206627032;2.0;27.0;2.0370370370370368;1.0;12.0;20.0;1.0;False;0.0;1.0;0.0;49.0;1.0
0.0;0.0;2.201730920802777;3.0;21.0;2.380952380952381;1.0;9.0;12.0;1.0;False;0.0;1.0;0.0;38.0;1.0
0.0;0.0;0.7071067811865476;1.75;2.0;1.5;1.25;2.0;1.0;1.0;False;0.0;1.5;0.0;4.0;1.0
0.0;0.0;0.0;2.0;1.0;2.0;2.0;2.0;1.0;2.0;False;0.0;2.0;0.0;3.0;1.0
0.0;0.0;2.063106942552968;2.0;27.0;1.8888888888888888;1.0;11.0;20.0;1.0;True;0.0;1.0;0.0;56.0;1.0
0.0;0.0;0.0;1.0;1.0;1.0;1.0;1.0;20.0;1.0;True;0.0;1.0;0.0;56.0;1.0
0.0;0.0;0.0;9.0;1.0;9.0;9.0;9.0;20.0;9.0;True;0.0;9.0;0.0;56.0;1.0
0.0;0.0;0.40824829046386296;1.0;6.0;1.1666666666666667;1.0;2.0;3.0;1.0;False;0.0;1.0;0.0;8.0;1.0
0.0;0.0;0.3535533905932738;1.0;8.0;1.125;1.0;2.0;4.0;1.0;False;0.0;1.0;0.0;13.0;1.0
0.0;0.0;0.25;1.0;16.0;1.0625;1.0;2.0;12.0;1.0;True;0.0;1.0;0.0;19.0;1.0
0.0;0.0;0.0;2.0;1.0;2.0;2.0;2.0;12.0;2.0;True;0.0;2.0;0.0;19.0;1.0
0.0;0.0;0.6992058987801011;1.75;10.0;1.4;1.0;3.0;6.0;1.0;True;0.0;1.0;0.0;16.0;1.0
0.0;0.0;0.0;1.0;11.0;1.0;1.0;1.0;7.0;1.0;True;0.0;1.0;0.0;13.0;1.0
0.0;0.0;0.9161253813129044;2.25;8.0;1.625;1.0;3.0;4.0;1.0;False;0.0;1.0;0.0;14.0;1.0
0.0;0.0;1.118033988749895;2.0;9.0;1.6666666666666667;1.0;4.0;5.0;1.0;False;0.0;1.0;0.0;15.0;1.0
0.0;0.0;0.0;1.0;6.0;1.0;1.0;1.0;3.0;1.0;False;0.0;1.0;0.0;7.0;1.0
0.0;0.0;0.0;1.0;7.0;1.0;1.0;1.0;4.0;1.0;False;0.0;1.0;0.0;8.0;1.0
0.0;0.0;0.0;1.0;3.0;1.0;1.0;1.0;3.0;1.0;False;0.0;1.0;0.0;3.0;1.0
0.0;0.0;0.0;1.0;1.0;1.0;1.0;1.0;0.0;1.0;False;0.0;1.0;0.0;1.0;1.0
0.0;0.0;0.0;1.0;8.0;1.0;1.0;1.0;0.0;1.0;True;0.0;1.0;0.0;8.0;1.0
0.0;0.0;0.9812063786211382;1.0;48.0;1.375;1.0;6.0;42.0;1.0;True;0.0;1.0;0.0;64.0;1.0
0.0;0.0;0.0;1.0;3.0;1.0;1.0;1.0;42.0;1.0;True;0.0;1.0;0.0;64.0;1.0
0.0;0.0;0.0;2.0;1.0;2.0;2.0;2.0;42.0;2.0;True;0.0;2.0;0.0;64.0;1.0
0.0;0.0;0.2041241452319315;1.0;24.0;1.0416666666666667;1.0;2.0;26.0;1.0;True;0.0;1.0;0.0;30.0;1.0
0.0;0.0;0.0;2.0;1.0;2.0;2.0;2.0;26.0;2.0;True;0.0;2.0;0.0;30.0;1.0
0.0;0.0;1.0593499054713802;2.0;10.0;1.7;1.0;4.0;9.0;1.0;False;0.0;1.0;0.0;14.0;1.0
0.0;0.0;0.4879500364742666;1.5;7.0;1.2857142857142858;1.0;2.0;30.0;1.0;True;0.0;1.0;0.0;49.0;1.0
0.0;0.0;0.6969503213613096;1.75;34.0;1.3823529411764706;1.0;3.0;30.0;1.0;True;0.0;1.0;0.0;49.0;1.0
0.0;0.0;0.0;12.0;1.0;12.0;12.0;12.0;30.0;12.0;True;0.0;12.0;0.0;49.0;1.0
0.0;0.0;1.118973118683436;1.0;35.0;1.4285714285714286;1.0;7.0;33.0;1.0;True;0.0;1.0;0.0;47.0;1.0
0.0;0.0;0.0;1.0;1.0;1.0;1.0;1.0;33.0;1.0;True;0.0;1.0;0.0;47.0;1.0
0.0;0.0;0.3518657752744984;1.0;15.0;1.1333333333333333;1.0;2.0;14.0;1.0;True;0.0;1.0;0.0;17.0;1.0
0.0;0.0;0.0;2.0;1.0;2.0;2.0;2.0;14.0;2.0;True;0.0;2.0;0.0;17.0;1.0
0.0;0.0;0.0;1.0;3.0;1.0;1.0;1.0;3.0;1.0;False;0.0;1.0;0.0;4.0;1.0
0.0;0.0;0.2768874620972691;1.0;25.0;1.08;1.0;2.0;27.0;1.0;True;0.0;1.0;0.0;31.0;1.0
0.0;0.0;0.0;1.0;1.0;1.0;1.0;1.0;27.0;1.0;True;0.0;1.0;0.0;31.0;1.0
0.0;0.0;0.0;2.0;1.0;2.0;2.0;2.0;2.0;2.0;False;1.0;2.0;0.0;13.0;1.0
0.0;0.0;0.0;0.0;0.0;0.0;0.0;0.0;2.0;0.0;False;1.0;0.0;0.0;13.0;1.0
0.0;0.0;0.0;0.0;0.0;0.0;0.0;0.0;2.0;0.0;False;1.0;0.0;0.0;13.0;1.0
0.0;0.0;0.0;2.0;1.0;2.0;2.0;2.0;2.0;2.0;False;1.0;2.0;0.0;13.0;1.0
0.0;0.0;2.362907813126304;3.75;4.0;2.75;1.0;6.0;2.0;1.0;False;1.0;2.0;0.0;13.0;1.0
0.0;0.0;0.0;1.0;3.0;1.0;1.0;1.0;2.0;1.0;False;1.0;1.0;0.0;13.0;1.0
0.0;0.0;0.0;1.0;4.0;1.0;1.0;1.0;4.0;1.0;False;0.0;1.0;0.0;6.0;1.0
0.0;0.0;0.0;0.0;0.0;0.0;0.0;0.0;0.0;0.0;False;0.0;0.0;0.0;0.0;0.0
0.0;0.0;0.0;1.0;4.0;1.0;1.0;1.0;0.0;1.0;False;0.0;1.0;0.0;4.0;1.0
0.0;0.0;2.683281572999748;3.5;6.0;3.0;1.25;8.0;5.0;1.0;True;0.0;2.0;0.0;15.0;1.0
0.0;0.0;0.0;1.0;1.0;1.0;1.0;1.0;0.0;1.0;False;0.0;1.0;0.0;1.0;1.0
0.0;0.0;0.0;1.0;1.0;1.0;1.0;1.0;1.0;1.0;False;0.0;1.0;0.0;2.0;1.0
0.0;0.0;0.5773502691896257;1.5;3.0;1.3333333333333333;1.0;2.0;3.0;1.0;False;0.0;1.0;0.0;5.0;1.0
0.0;0.0;0.0;1.0;2.0;1.0;1.0;1.0;1.0;1.0;True;0.0;1.0;0.0;4.0;1.0
0.0;0.0;0.0;1.0;1.0;1.0;1.0;1.0;1.0;1.0;True;0.0;1.0;0.0;2.0;1.0
0.0;0.0;0.0;1.0;8.0;1.0;1.0;1.0;8.0;1.0;True;0.0;1.0;0.0;8.0;1.0
0.0;0.0;1.5;1.75;4.0;1.75;1.0;4.0;4.0;1.0;False;0.0;1.0;0.0;8.0;1.0
0.0;0.0;0.0;0.0;0.0;0.0;0.0;0.0;0.0;0.0;False;0.0;0.0;0.0;0.0;0.0
0.0;0.0;0.0;0.0;0.0;0.0;0.0;0.0;0.0;0.0;False;0.0;0.0;0.0;0.0;0.0
0.0;0.0;0.7071067811865476;1.75;2.0;1.5;1.25;2.0;2.0;1.0;False;0.0;1.5;0.0;5.0;1.0
0.0;0.0;0.0;1.0;2.0;1.0;1.0;1.0;2.0;1.0;False;0.0;1.0;0.0;3.0;1.0
0.0;0.0;1.4142135623730951;2.5;2.0;2.0;1.5;3.0;2.0;1.0;False;0.0;2.0;0.0;3.0;1.0
0.0;0.0;0.0;1.0;1.0;1.0;1.0;1.0;1.0;1.0;False;0.0;1.0;0.0;2.0;1.0
0.0;0.0;0.0;0.0;0.0;0.0;0.0;0.0;0.0;0.0;False;0.0;0.0;0.0;3.0;1.0
0.0;0.0;2.309401076758504;3.0;3.0;2.333333333333333;1.0;5.0;0.0;1.0;False;0.0;1.0;0.0;3.0;1.0
0.0;0.0;0.0;0.0;0.0;0.0;0.0;0.0;0.0;0.0;False;0.0;0.0;0.0;3.0;1.0
0.0;0.0;4.809610477073635;2.0;17.0;2.411764705882353;1.0;21.0;12.0;1.0;True;0.0;1.0;0.0;34.0;1.0
0.0;0.0;0.0;0.0;0.0;0.0;0.0;0.0;0.0;0.0;False;0.0;0.0;0.0;0.0;0.0
0.0;0.0;1.772810520855837;2.0;15.0;2.0;1.0;6.0;14.0;1.0;False;0.0;1.0;0.0;29.0;1.0
0.0;0.0;1.8009968749527976;4.0;13.0;2.9230769230769234;2.0;7.0;2.0;1.0;False;0.0;2.0;0.0;26.0;1.0
0.0;0.0;7.489386429535406;2.5;11.0;4.090909090909091;1.0;26.0;9.0;1.0;False;0.0;1.0;0.0;33.0;1.0
0.0;0.0;1.7677669529663689;2.5;8.0;2.375;1.0;6.0;8.0;1.0;False;0.0;2.0;0.0;19.0;1.0
0.0;0.0;0.4629100498862757;1.25;8.0;1.25;1.0;2.0;7.0;1.0;False;0.0;1.0;0.0;9.0;1.0
0.0;0.0;1.5275252316519468;2.5;7.0;2.0;1.0;5.0;4.0;1.0;False;0.0;1.0;0.0;15.0;1.0
0.0;0.0;3.707135975771207;2.0;15.0;2.8;1.0;15.0;8.0;1.0;True;0.0;2.0;0.0;34.0;1.0
0.0;0.0;1.0;1.5;4.0;1.5;1.0;3.0;4.0;1.0;False;0.0;1.0;0.0;8.0;1.0
0.0;0.0;15.155856953666461;26.0;5.0;17.8;7.0;39.0;1.0;1.0;True;0.0;16.0;0.0;45.0;1.0
0.0;0.0;0.7977240352174656;2.0;12.0;1.5;1.0;3.0;12.0;1.0;False;0.0;1.0;0.0;19.0;1.0
0.0;0.0;0.0;0.0;0.0;0.0;0.0;0.0;0.0;0.0;False;0.0;0.0;0.0;0.0;0.0
0.0;0.0;0.7449463436684921;1.0;14.0;1.3571428571428572;1.0;3.0;14.0;1.0;False;0.0;1.0;0.0;18.0;1.0
0.0;0.0;0.0;3.0;1.0;3.0;3.0;3.0;1.0;3.0;False;0.0;3.0;0.0;4.0;1.0
0.0;0.0;0.0;1.0;1.0;1.0;1.0;1.0;0.0;1.0;False;0.0;1.0;0.0;1.0;1.0
0.0;0.0;3.5355339059327378;4.75;2.0;3.5;2.25;6.0;2.0;1.0;False;0.0;3.5;0.0;4.0;1.0
0.0;0.0;0.8201995322647243;2.0;11.0;1.5454545454545454;1.0;3.0;10.0;1.0;False;0.0;1.0;0.0;18.0;1.0
0.0;0.0;0.0;1.0;1.0;1.0;1.0;1.0;0.0;1.0;False;0.0;1.0;0.0;6.0;1.0
0.0;0.0;0.0;0.0;0.0;0.0;0.0;0.0;0.0;0.0;False;0.0;0.0;0.0;6.0;1.0
0.0;0.0;0.0;3.0;1.0;3.0;3.0;3.0;0.0;3.0;False;0.0;3.0;0.0;6.0;1.0
0.0;0.0;0.0;3.0;1.0;3.0;3.0;3.0;0.0;3.0;False;0.0;3.0;0.0;6.0;1.0
0.0;0.0;1.2649110640673518;2.75;10.0;2.4;2.0;5.0;6.0;1.0;False;0.0;2.0;0.0;30.0;1.0
0.0;0.0;0.0;1.0;1.0;1.0;1.0;1.0;0.0;1.0;False;0.0;1.0;0.0;6.0;1.0
0.0;0.0;0.0;1.0;1.0;1.0;1.0;1.0;0.0;1.0;False;0.0;1.0;0.0;6.0;1.0
0.0;0.0;0.0;3.0;1.0;3.0;3.0;3.0;0.0;3.0;False;0.0;3.0;0.0;6.0;1.0
0.0;0.0;0.0;2.0;1.0;2.0;2.0;2.0;0.0;2.0;False;0.0;2.0;0.0;6.0;1.0
0.0;0.0;1.2110601416389966;1.75;6.0;1.6666666666666667;1.0;4.0;6.0;1.0;False;0.0;1.0;0.0;9.0;1.0
0.0;0.0;0.0;0.0;0.0;0.0;0.0;0.0;0.0;0.0;False;0.0;0.0;0.0;0.0;0.0
0.0;0.0;1.7994708216848745;2.5;7.0;2.2857142857142856;1.0;6.0;7.0;1.0;False;0.0;2.0;0.0;15.0;1.0
0.0;0.0;0.0;0.0;0.0;0.0;0.0;0.0;0.0;0.0;False;0.0;0.0;0.0;0.0;0.0
0.0;0.0;0.0;1.0;21.0;1.0;1.0;1.0;21.0;1.0;False;0.0;1.0;0.0;21.0;1.0
0.0;0.0;1.949358868961793;4.0;5.0;2.4;1.0;5.0;2.0;1.0;False;0.0;1.0;0.0;9.0;1.0
0.0;0.0;1.1547005383792517;2.0;3.0;1.6666666666666667;1.0;3.0;3.0;1.0;False;0.0;1.0;0.0;5.0;1.0
0.0;0.0;2.345207879911715;3.0;5.0;3.0;2.0;7.0;3.0;1.0;False;0.0;2.0;0.0;12.0;1.0
0.0;0.0;0.0;0.0;0.0;0.0;0.0;0.0;4.0;0.0;True;0.0;0.0;0.0;14.0;1.0
0.0;0.0;0.8164965809277259;2.5;7.0;2.0;1.5;3.0;4.0;1.0;True;0.0;2.0;0.0;14.0;1.0
0.0;0.0;0.0;0.0;0.0;0.0;0.0;0.0;4.0;0.0;True;0.0;0.0;0.0;14.0;1.0
0.0;0.0;0.0;0.0;0.0;0.0;0.0;0.0;4.0;0.0;True;0.0;0.0;0.0;14.0;1.0
0.0;0.0;0.0;1.0;1.0;1.0;1.0;1.0;0.0;1.0;False;0.0;1.0;0.0;2.0;1.0
0.0;0.0;0.0;1.0;1.0;1.0;1.0;1.0;0.0;1.0;False;0.0;1.0;0.0;1.0;1.0
0.0;0.0;0.6399404734221844;2.0;15.0;1.5333333333333334;1.0;3.0;14.0;1.0;False;0.0;1.0;0.0;21.0;1.0
0.0;0.0;0.925820099772552;1.0;42.0;1.1428571428571428;1.0;7.0;40.0;1.0;False;0.0;1.0;0.0;46.0;1.0
0.0;0.0;0.0;1.0;1.0;1.0;1.0;1.0;0.0;1.0;False;0.0;1.0;0.0;1.0;1.0
0.0;0.0;0.0;1.0;1.0;1.0;1.0;1.0;0.0;1.0;False;0.0;1.0;0.0;1.0;1.0
0.0;0.0;0.0;1.0;2.0;1.0;1.0;1.0;0.0;1.0;False;0.0;1.0;0.0;3.0;1.0
0.0;0.0;0.0;1.0;1.0;1.0;1.0;1.0;0.0;1.0;False;0.0;1.0;0.0;2.0;1.0
0.0;0.0;0.0;0.0;0.0;0.0;0.0;0.0;0.0;0.0;False;0.0;0.0;0.0;0.0;0.0
0.0;0.0;0.4472135954999579;1.0;5.0;1.2;1.0;2.0;3.0;1.0;False;0.0;1.0;0.0;7.0;1.0
0.0;0.0;2.6457513110645907;5.5;3.0;4.0;3.0;6.0;3.0;1.0;True;0.0;5.0;0.0;9.0;1.0
0.0;0.0;0.0;1.0;8.0;1.0;1.0;1.0;8.0;1.0;False;0.0;1.0;0.0;8.0;1.0
0.0;0.0;1.0;1.5;4.0;1.5;1.0;3.0;1.0;1.0;False;0.0;1.0;0.0;6.0;1.0
0.0;0.0;0.0;1.0;6.0;1.0;1.0;1.0;3.0;1.0;False;0.0;1.0;0.0;12.0;1.0
0.0;0.0;0.0;1.0;1.0;1.0;1.0;1.0;1.0;1.0;False;0.0;1.0;0.0;5.0;1.0
0.0;0.0;0.8366600265340756;2.0;5.0;1.8;1.0;3.0;5.0;1.0;True;0.0;2.0;0.0;11.0;1.0
0.0;0.0;2.3804761428476167;3.0;4.0;2.5;1.0;6.0;4.0;1.0;True;0.0;1.5;0.0;14.0;1.0
0.0;0.0;0.0;1.0;1.0;1.0;1.0;1.0;0.0;1.0;False;0.0;1.0;0.0;2.0;1.0
0.0;0.0;0.0;1.0;1.0;1.0;1.0;1.0;1.0;1.0;False;0.0;1.0;0.0;2.0;1.0
0.0;0.0;1.8929694486000912;2.75;4.0;2.25;1.0;5.0;1.0;1.0;False;0.0;1.5;0.0;7.0;1.0
0.0;0.0;0.0;1.0;4.0;1.0;1.0;1.0;3.0;1.0;False;0.0;1.0;0.0;6.0;1.0
0.0;0.0;0.0;1.0;1.0;1.0;1.0;1.0;1.0;1.0;False;0.0;1.0;0.0;3.0;1.0
0.0;0.0;1.1690451944500122;2.0;6.0;1.8333333333333333;1.0;4.0;4.0;1.0;False;0.0;1.5;0.0;13.0;1.0
0.0;0.0;0.0;1.0;1.0;1.0;1.0;1.0;1.0;1.0;False;0.0;1.0;0.0;1.0;1.0
0.0;0.0;0.0;1.0;1.0;1.0;1.0;1.0;0.0;1.0;False;0.0;1.0;0.0;2.0;1.0
0.0;0.0;1.0;3.0;5.0;2.0;1.0;3.0;3.0;1.0;False;0.0;2.0;0.0;10.0;1.0
0.0;0.0;0.5773502691896257;2.0;3.0;1.6666666666666667;1.5;2.0;3.0;1.0;False;0.0;2.0;0.0;6.0;1.0
0.0;0.0;1.0082080720186268;2.0;14.0;1.6428571428571428;1.0;4.0;12.0;1.0;True;0.0;1.0;0.0;25.0;1.0
0.0;0.0;0.0;1.0;1.0;1.0;1.0;1.0;1.0;1.0;False;0.0;1.0;0.0;5.0;1.0
0.0;0.0;2.9824045403173027;2.5;19.0;2.3157894736842106;1.0;14.0;13.0;1.0;False;0.0;1.0;0.0;41.0;1.0
0.0;0.0;0.4879500364742666;2.0;7.0;1.7142857142857142;1.5;2.0;4.0;1.0;False;0.0;2.0;0.0;9.0;1.0
0.0;0.0;0.7071067811865476;1.75;2.0;1.5;1.25;2.0;2.0;1.0;False;0.0;1.5;0.0;4.0;1.0
0.0;0.0;0.7071067811865476;1.75;2.0;1.5;1.25;2.0;2.0;1.0;False;0.0;1.5;0.0;4.0;1.0
0.0;0.0;0.0;1.0;4.0;1.0;1.0;1.0;4.0;1.0;False;0.0;1.0;0.0;5.0;1.0
0.0;0.0;0.7037315505489968;1.0;15.0;1.2666666666666666;1.0;3.0;15.0;1.0;False;0.0;1.0;0.0;21.0;1.0
0.0;0.0;0.0;1.0;1.0;1.0;1.0;1.0;1.0;1.0;False;0.0;1.0;0.0;3.0;1.0
0.0;0.0;0.0;1.0;1.0;1.0;1.0;1.0;1.0;1.0;False;0.0;1.0;0.0;2.0;1.0
0.0;0.0;0.0;0.0;0.0;0.0;0.0;0.0;0.0;0.0;False;0.0;0.0;0.0;0.0;0.0
0.0;0.0;0.0;1.0;6.0;1.0;1.0;1.0;6.0;1.0;False;0.0;1.0;0.0;7.0;1.0
0.0;0.0;1.0;2.5;4.0;2.5;2.0;4.0;1.0;2.0;False;0.0;2.0;0.0;5.0;1.0
0.0;0.0;0.0;0.0;0.0;0.0;0.0;0.0;1.0;0.0;False;0.0;0.0;0.0;5.0;1.0
0.0;0.0;0.30151134457776363;1.0;11.0;1.0909090909090908;1.0;2.0;7.0;1.0;True;0.0;1.0;0.0;21.0;1.0
0.0;0.0;1.1547005383792517;2.0;3.0;1.6666666666666667;1.0;3.0;7.0;1.0;True;0.0;1.0;0.0;21.0;1.0
0.0;0.0;0.0;1.0;1.0;1.0;1.0;1.0;1.0;1.0;False;0.0;1.0;0.0;3.0;1.0
0.0;0.0;1.0;3.0;7.0;2.0;1.0;3.0;6.0;1.0;False;0.0;2.0;0.0;14.0;1.0
0.0;0.0;0.0;0.0;0.0;0.0;0.0;0.0;6.0;0.0;False;0.0;0.0;0.0;14.0;1.0
0.0;0.0;0.0;0.0;0.0;0.0;0.0;0.0;6.0;0.0;False;0.0;0.0;0.0;14.0;1.0
0.0;0.0;0.0;1.0;1.0;1.0;1.0;1.0;0.0;1.0;False;0.0;1.0;0.0;2.0;1.0
0.0;0.0;0.0;1.0;2.0;1.0;1.0;1.0;0.0;1.0;False;0.0;1.0;0.0;2.0;1.0
0.0;0.0;0.0;1.0;1.0;1.0;1.0;1.0;0.0;1.0;False;0.0;1.0;0.0;2.0;1.0
0.0;0.0;1.1547005383792517;3.0;3.0;2.333333333333333;2.0;3.0;1.0;1.0;False;0.0;3.0;0.0;7.0;1.0
0.0;0.0;0.0;1.0;3.0;1.0;1.0;1.0;3.0;1.0;False;0.0;1.0;0.0;5.0;1.0
0.0;0.0;0.0;1.0;1.0;1.0;1.0;1.0;1.0;1.0;False;0.0;1.0;0.0;4.0;1.0
0.0;0.0;0.0;1.0;3.0;1.0;1.0;1.0;3.0;1.0;False;0.0;1.0;0.0;6.0;1.0
0.0;0.0;0.0;1.0;2.0;1.0;1.0;1.0;2.0;1.0;False;0.0;1.0;0.0;5.0;1.0
0.0;0.0;0.7071067811865476;1.75;2.0;1.5;1.25;2.0;2.0;1.0;False;0.0;1.5;0.0;6.0;1.0
0.0;0.0;0.0;0.0;0.0;0.0;0.0;0.0;4.0;0.0;False;1.0;0.0;0.0;10.0;1.0
0.0;0.0;0.7440238091428449;1.25;8.0;1.375;1.0;3.0;4.0;1.0;False;1.0;1.0;0.0;10.0;1.0
0.0;0.0;0.0;0.0;0.0;0.0;0.0;0.0;4.0;0.0;False;1.0;0.0;0.0;10.0;1.0
0.0;0.0;0.0;1.0;4.0;1.0;1.0;1.0;3.0;1.0;False;0.0;1.0;0.0;7.0;1.0
0.0;0.0;1.0;3.5;3.0;3.0;2.5;4.0;1.0;2.0;False;0.0;3.0;0.0;6.0;1.0
0.0;0.0;0.0;1.0;4.0;1.0;1.0;1.0;3.0;1.0;False;0.0;1.0;0.0;7.0;1.0
0.0;0.0;0.0;1.0;1.0;1.0;1.0;1.0;1.0;1.0;False;0.0;1.0;0.0;4.0;1.0
0.0;0.0;0.0;1.0;4.0;1.0;1.0;1.0;3.0;1.0;False;0.0;1.0;0.0;10.0;1.0
0.0;0.0;0.0;1.0;2.0;1.0;1.0;1.0;2.0;1.0;False;0.0;1.0;0.0;5.0;1.0
0.0;0.0;1.4142135623730951;2.25;8.0;2.0;1.0;5.0;5.0;1.0;False;0.0;1.5;0.0;19.0;1.0
0.0;0.0;0.0;1.0;1.0;1.0;1.0;1.0;0.0;1.0;False;0.0;1.0;0.0;4.0;1.0
0.0;0.0;0.0;1.0;1.0;1.0;1.0;1.0;1.0;1.0;False;0.0;1.0;0.0;3.0;1.0
0.0;0.0;0.8366600265340756;1.75;6.0;1.5;1.0;3.0;3.0;1.0;False;0.0;1.0;0.0;12.0;1.0
0.0;0.0;2.857738033247041;4.5;6.0;3.1666666666666665;1.0;8.0;5.0;1.0;False;0.0;2.0;0.0;18.0;1.0
0.0;0.0;7.9181076382825575;5.0;8.0;5.875;1.75;25.0;4.0;1.0;False;0.0;4.0;0.0;54.0;1.0
0.0;0.0;0.0;1.0;1.0;1.0;1.0;1.0;0.0;1.0;False;0.0;1.0;0.0;3.0;1.0
0.0;0.0;0.8944271909999159;2.0;5.0;1.6;1.0;3.0;4.0;1.0;False;0.0;1.0;0.0;10.0;1.0
0.0;0.0;1.6020819787597222;1.75;6.0;1.8333333333333333;1.0;5.0;6.0;1.0;False;0.0;1.0;0.0;13.0;1.0
0.0;0.0;0.970142500145332;2.0;18.0;1.6666666666666667;1.0;4.0;8.0;1.0;False;0.0;1.0;0.0;25.0;1.0
0.0;0.0;0.0;0.0;0.0;0.0;0.0;0.0;8.0;0.0;False;0.0;0.0;0.0;25.0;1.0
0.0;0.0;2.1213203435596424;3.25;2.0;2.5;1.75;4.0;8.0;1.0;False;0.0;2.5;0.0;25.0;1.0
0.0;0.0;0.7071067811865476;1.75;2.0;1.5;1.25;2.0;8.0;1.0;False;0.0;1.5;0.0;25.0;1.0
0.0;0.0;0.3779644730092273;1.0;7.0;1.1428571428571428;1.0;2.0;4.0;1.0;False;0.0;1.0;0.0;6.0;1.0
0.0;0.0;0.0;0.0;0.0;0.0;0.0;0.0;4.0;0.0;False;0.0;0.0;0.0;6.0;1.0
0.0;0.0;0.5773502691896257;2.0;4.0;1.5;1.0;2.0;2.0;1.0;False;0.0;1.5;0.0;2.0;1.0
0.0;0.0;0.0;0.0;0.0;0.0;0.0;0.0;2.0;0.0;False;0.0;0.0;0.0;2.0;1.0
0.0;0.0;0.0;0.0;0.0;0.0;0.0;0.0;2.0;0.0;False;0.0;0.0;0.0;2.0;1.0
0.0;0.0;0.9244162777371756;1.0;11.0;1.3636363636363635;1.0;4.0;8.0;1.0;False;0.0;1.0;0.0;15.0;1.0
0.0;0.0;0.0;1.0;1.0;1.0;1.0;1.0;8.0;1.0;False;0.0;1.0;0.0;15.0;1.0
0.0;0.0;0.0;3.0;1.0;3.0;3.0;3.0;8.0;3.0;False;0.0;3.0;0.0;15.0;1.0
0.0;0.0;0.5175491695067657;2.0;8.0;1.375;1.0;2.0;4.0;1.0;False;0.0;1.0;0.0;6.0;1.0
0.0;0.0;0.0;0.0;0.0;0.0;0.0;0.0;4.0;0.0;False;0.0;0.0;0.0;6.0;1.0
0.0;0.0;0.0;0.0;0.0;0.0;0.0;0.0;4.0;0.0;False;0.0;0.0;0.0;6.0;1.0
0.0;0.0;0.0;1.0;5.0;1.0;1.0;1.0;5.0;1.0;False;0.0;1.0;0.0;5.0;1.0
0.0;0.0;0.0;10.0;1.0;10.0;10.0;10.0;2.0;10.0;False;0.0;10.0;0.0;8.0;1.0
0.0;0.0;0.4629100498862757;1.25;8.0;1.25;1.0;2.0;2.0;1.0;False;0.0;1.0;0.0;8.0;1.0
0.0;0.0;0.3755338080994054;1.0;13.0;1.1538461538461535;1.0;2.0;2.0;1.0;False;0.0;1.0;0.0;8.0;1.0
0.0;0.0;0.0;1.0;2.0;1.0;1.0;1.0;2.0;1.0;False;0.0;1.0;0.0;8.0;1.0
0.0;0.0;0.5345224838248488;2.0;7.0;1.4285714285714286;1.0;2.0;2.0;1.0;False;0.0;1.0;0.0;8.0;1.0
0.0;0.0;0.5773502691896257;1.5;3.0;1.3333333333333333;1.0;2.0;2.0;1.0;False;0.0;1.0;0.0;6.0;1.0
0.0;0.0;0.0;3.0;1.0;3.0;3.0;3.0;2.0;3.0;False;0.0;3.0;0.0;6.0;1.0
0.0;0.0;0.4045199174779453;1.0;11.0;1.181818181818182;1.0;2.0;2.0;1.0;False;0.0;1.0;0.0;6.0;1.0
0.0;0.0;4.932882862316247;7.0;3.0;5.333333333333333;2.5;11.0;2.0;2.0;False;0.0;3.0;0.0;6.0;1.0
0.0;0.0;0.2773500981126146;1.0;13.0;1.0769230769230769;1.0;2.0;11.0;1.0;False;0.0;1.0;0.0;11.0;1.0
0.0;0.0;0.0;1.0;14.0;1.0;1.0;1.0;10.0;1.0;False;0.0;1.0;0.0;10.0;1.0
0.0;0.0;0.0;0.0;0.0;0.0;0.0;0.0;0.0;0.0;False;0.0;0.0;0.0;3.0;1.0
0.0;0.0;0.0;0.0;0.0;0.0;0.0;0.0;0.0;0.0;False;0.0;0.0;0.0;3.0;1.0
0.0;0.0;1.3038404810405295;4.0;5.0;2.8;2.0;4.0;0.0;1.0;False;0.0;3.0;0.0;3.0;1.0
0.0;0.0;0.0;0.0;0.0;0.0;0.0;0.0;0.0;0.0;False;0.0;0.0;0.0;3.0;1.0
0.0;0.0;0.31622776601683794;1.0;10.0;1.1;1.0;2.0;4.0;1.0;False;0.0;1.0;0.0;7.0;1.0
0.0;0.0;0.0;0.0;0.0;0.0;0.0;0.0;4.0;0.0;False;0.0;0.0;0.0;7.0;1.0
0.0;0.0;0.0;0.0;0.0;0.0;0.0;0.0;4.0;0.0;False;0.0;0.0;0.0;7.0;1.0
0.0;0.0;2.2677868380553643;2.0;7.0;2.142857142857143;1.0;7.0;3.0;1.0;False;0.0;1.0;0.0;14.0;1.0
0.0;0.0;0.0;1.0;3.0;1.0;1.0;1.0;1.0;1.0;False;0.0;1.0;0.0;1.0;1.0
0.0;0.0;0.0;0.0;0.0;0.0;0.0;0.0;1.0;0.0;False;0.0;0.0;0.0;1.0;1.0
0.0;0.0;0.0;1.0;1.0;1.0;1.0;1.0;11.0;1.0;False;0.0;1.0;0.0;30.0;1.0
0.0;0.0;0.0;5.0;1.0;5.0;5.0;5.0;11.0;5.0;False;0.0;5.0;0.0;30.0;1.0
0.0;0.0;1.902011319320558;1.0;17.0;1.6470588235294117;1.0;8.0;11.0;1.0;False;0.0;1.0;0.0;30.0;1.0
0.0;0.0;0.0;2.0;1.0;2.0;2.0;2.0;1.0;2.0;False;0.0;2.0;0.0;18.0;1.0
0.0;0.0;0.9660917830792958;2.5;10.0;1.6;1.0;3.0;1.0;1.0;False;0.0;1.0;0.0;18.0;1.0
0.0;0.0;0.0;0.0;0.0;0.0;0.0;0.0;1.0;0.0;False;0.0;0.0;0.0;18.0;1.0
0.0;0.0;1.1547005383792517;2.0;3.0;1.6666666666666667;1.0;3.0;1.0;1.0;False;0.0;1.0;0.0;18.0;1.0
0.0;0.0;0.0;0.0;0.0;0.0;0.0;0.0;1.0;0.0;False;0.0;0.0;0.0;18.0;1.0
0.0;0.0;0.4472135954999579;1.0;5.0;1.2;1.0;2.0;2.0;1.0;False;0.0;1.0;0.0;10.0;1.0
0.0;0.0;4.272001872658765;4.75;4.0;3.75;1.0;10.0;4.0;1.0;False;0.0;2.0;0.0;11.0;1.0
0.0;0.0;3.4641016151377544;4.0;3.0;3.0;1.0;7.0;3.0;1.0;False;0.0;1.0;0.0;7.0;1.0
0.0;0.0;0.0;1.0;3.0;1.0;1.0;1.0;4.0;1.0;False;0.0;1.0;0.0;5.0;1.0
0.0;0.0;0.0;1.0;1.0;1.0;1.0;1.0;0.0;1.0;False;0.0;1.0;0.0;1.0;1.0
0.0;0.0;0.0;0.0;0.0;0.0;0.0;0.0;0.0;0.0;False;0.0;0.0;0.0;0.0;0.0
0.0;0.0;0.0;0.0;0.0;0.0;0.0;0.0;2.0;0.0;False;0.0;0.0;0.0;4.0;1.0
0.0;0.0;0.0;0.0;0.0;0.0;0.0;0.0;2.0;0.0;False;0.0;0.0;0.0;4.0;1.0
0.0;0.0;0.7071067811865476;2.0;9.0;1.6666666666666667;1.0;3.0;2.0;1.0;False;0.0;2.0;0.0;4.0;1.0
0.0;0.0;0.0;0.0;0.0;0.0;0.0;0.0;2.0;0.0;False;0.0;0.0;0.0;4.0;1.0
0.0;0.0;0.0;0.0;0.0;0.0;0.0;0.0;2.0;0.0;False;0.0;0.0;0.0;4.0;1.0
0.0;0.0;3.7859388972001824;4.5;4.0;3.5;1.0;9.0;4.0;1.0;False;0.0;2.0;0.0;10.0;1.0
0.0;0.0;0.0;0.0;0.0;0.0;0.0;0.0;1.0;0.0;False;0.0;0.0;0.0;7.0;1.0
0.0;0.0;1.4142135623730951;3.0;5.0;2.0;1.0;4.0;1.0;1.0;False;0.0;1.0;0.0;7.0;1.0
0.0;0.0;1.1338934190276817;1.0;7.0;1.4285714285714286;1.0;4.0;2.0;1.0;False;0.0;1.0;0.0;3.0;1.0
0.0;0.0;0.0;0.0;0.0;0.0;0.0;0.0;2.0;0.0;False;0.0;0.0;0.0;3.0;1.0
0.0;0.0;0.0;0.0;0.0;0.0;0.0;0.0;2.0;0.0;False;0.0;0.0;0.0;3.0;1.0
0.0;0.0;4.0414518843273814;4.5;3.0;3.333333333333333;1.0;8.0;3.0;1.0;False;0.0;1.0;0.0;8.0;1.0
0.0;0.0;0.0;0.0;0.0;0.0;0.0;0.0;1.0;0.0;False;0.0;0.0;0.0;8.0;1.0
0.0;0.0;0.0;0.0;0.0;0.0;0.0;0.0;1.0;0.0;False;0.0;0.0;0.0;8.0;1.0
0.0;0.0;0.0;0.0;0.0;0.0;0.0;0.0;1.0;0.0;False;0.0;0.0;0.0;8.0;1.0
0.0;0.0;0.40824829046386296;1.0;6.0;1.1666666666666667;1.0;2.0;1.0;1.0;False;0.0;1.0;0.0;8.0;1.0
0.0;0.0;0.0;0.0;0.0;0.0;0.0;0.0;1.0;0.0;False;0.0;0.0;0.0;8.0;1.0
0.0;0.0;0.0;0.0;0.0;0.0;0.0;0.0;0.0;0.0;False;0.0;0.0;0.0;0.0;0.0
0.0;0.0;0.0;0.0;0.0;0.0;0.0;0.0;0.0;0.0;False;0.0;0.0;0.0;0.0;0.0
0.0;0.0;0.5773502691896257;1.5;3.0;1.3333333333333333;1.0;2.0;3.0;1.0;False;0.0;1.0;0.0;4.0;1.0
0.0;0.0;0.5773502691896257;1.5;3.0;1.3333333333333333;1.0;2.0;3.0;1.0;False;0.0;1.0;0.0;4.0;1.0
0.0;0.0;0.0;0.0;0.0;0.0;0.0;0.0;1.0;0.0;False;0.0;0.0;0.0;7.0;1.0
0.0;0.0;0.0;0.0;0.0;0.0;0.0;0.0;1.0;0.0;False;0.0;0.0;0.0;7.0;1.0
0.0;0.0;0.0;0.0;0.0;0.0;0.0;0.0;1.0;0.0;False;0.0;0.0;0.0;7.0;1.0
0.0;0.0;0.8164965809277259;2.0;6.0;1.6666666666666667;1.0;3.0;1.0;1.0;False;0.0;1.5;0.0;7.0;1.0
0.0;0.0;0.0;0.0;0.0;0.0;0.0;0.0;1.0;0.0;False;0.0;0.0;0.0;7.0;1.0
0.0;0.0;0.0;0.0;0.0;0.0;0.0;0.0;5.0;0.0;False;0.0;0.0;0.0;12.0;1.0
0.0;0.0;1.3887301496588271;1.75;8.0;1.75;1.0;4.0;5.0;1.0;False;0.0;1.0;0.0;12.0;1.0
0.0;0.0;7.544313531837517;6.5;4.0;5.75;1.75;17.0;4.0;1.0;False;0.0;2.5;0.0;24.0;1.0
0.0;0.0;0.9831920802501752;2.75;6.0;1.8333333333333333;1.0;3.0;6.0;1.0;True;0.0;1.5;0.0;11.0;1.0
0.0;0.0;0.7071067811865476;1.75;2.0;1.5;1.25;2.0;1.0;1.0;False;0.0;1.5;0.0;4.0;1.0
0.0;0.0;0.0;1.0;1.0;1.0;1.0;1.0;1.0;1.0;False;0.0;1.0;0.0;3.0;1.0
0.0;0.0;0.0;2.0;1.0;2.0;2.0;2.0;1.0;2.0;False;0.0;2.0;0.0;3.0;1.0
0.0;0.0;0.0;2.0;1.0;2.0;2.0;2.0;1.0;2.0;False;0.0;2.0;0.0;3.0;1.0
0.0;0.0;0.7071067811865476;1.75;2.0;1.5;1.25;2.0;2.0;1.0;False;0.0;1.5;0.0;5.0;1.0
0.0;0.0;0.0;0.0;0.0;0.0;0.0;0.0;0.0;0.0;False;0.0;0.0;0.0;0.0;0.0
0.0;0.0;1.4142135623730951;2.5;2.0;2.0;1.5;3.0;2.0;1.0;False;0.0;2.0;0.0;4.0;1.0
0.0;0.0;0.0;1.0;6.0;1.0;1.0;1.0;0.0;1.0;False;0.0;1.0;0.0;6.0;1.0
0.0;0.0;0.0;1.0;1.0;1.0;1.0;1.0;0.0;1.0;False;0.0;1.0;0.0;2.0;1.0
0.0;0.0;1.4142135623730951;2.5;2.0;2.0;1.5;3.0;2.0;1.0;False;0.0;2.0;0.0;4.0;1.0
0.0;0.0;0.0;1.0;3.0;1.0;1.0;1.0;3.0;1.0;False;0.0;1.0;0.0;4.0;1.0
0.0;0.0;0.0;0.0;0.0;0.0;0.0;0.0;7.0;0.0;False;0.0;0.0;0.0;11.0;1.0
0.0;0.0;0.0;1.0;3.0;1.0;1.0;1.0;7.0;1.0;False;0.0;1.0;0.0;11.0;1.0
0.0;0.0;0.5345224838248487;1.0;14.0;1.1428571428571428;1.0;3.0;7.0;1.0;False;0.0;1.0;0.0;11.0;1.0
0.0;0.0;0.0;1.0;1.0;1.0;1.0;1.0;7.0;1.0;False;0.0;1.0;0.0;11.0;1.0
0.0;0.0;0.0;1.0;2.0;1.0;1.0;1.0;0.0;1.0;False;0.0;1.0;0.0;3.0;1.0
0.0;0.0;0.0;1.0;7.0;1.0;1.0;1.0;0.0;1.0;True;0.0;1.0;0.0;9.0;1.0
0.0;0.0;0.0;1.0;19.0;1.0;1.0;1.0;0.0;1.0;False;0.0;1.0;0.0;21.0;1.0
0.0;0.0;0.0;1.0;1.0;1.0;1.0;1.0;1.0;1.0;False;0.0;1.0;0.0;10.0;1.0
0.0;0.0;0.0;0.0;0.0;0.0;0.0;0.0;7.0;0.0;False;0.0;0.0;0.0;14.0;1.0
0.0;0.0;0.0;1.0;1.0;1.0;1.0;1.0;7.0;1.0;False;0.0;1.0;0.0;14.0;1.0
0.0;0.0;0.7071067811865476;1.75;2.0;1.5;1.25;2.0;7.0;1.0;False;0.0;1.5;0.0;14.0;1.0
0.0;0.0;0.7071067811865476;1.75;2.0;1.5;1.25;2.0;7.0;1.0;False;0.0;1.5;0.0;14.0;1.0
0.0;0.0;0.7071067811865476;1.75;2.0;1.5;1.25;2.0;7.0;1.0;False;0.0;1.5;0.0;14.0;1.0
0.0;0.0;0.0;1.0;1.0;1.0;1.0;1.0;7.0;1.0;False;0.0;1.0;0.0;14.0;1.0
0.0;0.0;0.5991446895152781;1.0;13.0;1.2307692307692308;1.0;3.0;7.0;1.0;False;0.0;1.0;0.0;14.0;1.0
0.0;0.0;0.0;1.0;1.0;1.0;1.0;1.0;7.0;1.0;False;0.0;1.0;0.0;14.0;1.0
0.0;0.0;0.0;2.0;1.0;2.0;2.0;2.0;7.0;2.0;False;0.0;2.0;0.0;14.0;1.0
0.0;0.0;0.0;0.0;0.0;0.0;0.0;0.0;3.0;0.0;False;0.0;0.0;0.0;6.0;1.0
0.0;0.0;5.8537737116040525;3.75;6.0;4.333333333333333;1.0;16.0;3.0;1.0;False;0.0;2.0;0.0;6.0;1.0
0.0;0.0;0.0;0.0;0.0;0.0;0.0;0.0;3.0;0.0;False;0.0;0.0;0.0;6.0;1.0
0.0;0.0;1.4142135623730951;2.5;2.0;2.0;1.5;3.0;2.0;1.0;False;0.0;2.0;0.0;5.0;1.0
0.0;0.0;0.0;0.0;0.0;0.0;0.0;0.0;4.0;0.0;False;1.0;0.0;0.0;11.0;1.0
0.0;0.0;1.940790217067952;2.0;6.0;2.1666666666666665;1.0;6.0;4.0;1.0;False;1.0;1.5;0.0;11.0;1.0
0.0;0.0;0.0;2.0;2.0;2.0;2.0;2.0;2.0;2.0;False;0.0;2.0;0.0;4.0;1.0
0.0;0.0;1.0;2.5;3.0;2.0;1.5;3.0;0.0;1.0;False;0.0;2.0;0.0;1.0;1.0
0.0;0.0;0.0;2.0;1.0;2.0;2.0;2.0;0.0;2.0;False;0.0;2.0;0.0;1.0;1.0
0.0;0.0;0.0;0.0;0.0;0.0;0.0;0.0;0.0;0.0;False;0.0;0.0;0.0;1.0;1.0
0.0;0.0;0.0;2.0;1.0;2.0;2.0;2.0;1.0;2.0;False;2.0;2.0;0.0;7.0;1.0
0.0;0.0;1.5118578920369092;1.0;7.0;1.5714285714285714;1.0;5.0;1.0;1.0;False;2.0;1.0;0.0;7.0;1.0
0.0;0.0;0.0;0.0;0.0;0.0;0.0;0.0;1.0;0.0;False;2.0;0.0;0.0;7.0;1.0
0.0;0.0;0.0;3.0;1.0;3.0;3.0;3.0;1.0;3.0;False;2.0;3.0;0.0;7.0;1.0
0.0;0.0;0.0;0.0;0.0;0.0;0.0;0.0;1.0;0.0;False;2.0;0.0;0.0;7.0;1.0
0.0;0.0;0.0;1.0;2.0;1.0;1.0;1.0;2.0;1.0;True;0.0;1.0;0.0;3.0;1.0
0.0;0.0;1.5118578920369092;1.0;7.0;1.5714285714285714;1.0;5.0;7.0;1.0;True;0.0;1.0;0.0;12.0;1.0
0.0;0.0;0.0;1.0;1.0;1.0;1.0;1.0;1.0;1.0;False;0.0;1.0;0.0;1.0;1.0
0.0;0.0;0.0;1.0;6.0;1.0;1.0;1.0;6.0;1.0;False;0.0;1.0;0.0;6.0;1.0
0.0;0.0;0.0;1.0;3.0;1.0;1.0;1.0;4.0;1.0;False;0.0;1.0;0.0;7.0;1.0
0.0;0.0;0.3535533905932738;1.0;8.0;1.125;1.0;2.0;4.0;1.0;False;0.0;1.0;0.0;7.0;1.0
0.0;0.0;0.0;0.0;0.0;0.0;0.0;0.0;4.0;0.0;False;0.0;0.0;0.0;7.0;1.0
0.0;0.0;1.8446130766633424;3.5;22.0;2.4545454545454546;1.0;8.0;19.0;1.0;False;0.0;2.0;0.0;56.0;1.0
0.0;0.0;2.5;2.25;4.0;2.25;1.0;6.0;2.0;1.0;True;0.0;1.0;0.0;7.0;1.0
0.0;0.0;0.3892494720807615;1.0;12.0;1.1666666666666667;1.0;2.0;6.0;1.0;False;0.0;1.0;0.0;11.0;1.0
0.0;0.0;0.0;0.0;0.0;0.0;0.0;0.0;6.0;0.0;False;0.0;0.0;0.0;11.0;1.0
0.0;0.0;0.0;0.0;0.0;0.0;0.0;0.0;1.0;0.0;False;0.0;0.0;0.0;2.0;1.0
0.0;0.0;1.5275252316519463;3.0;3.0;2.333333333333333;1.5;4.0;1.0;1.0;False;0.0;2.0;0.0;2.0;1.0
0.0;0.0;1.4960264830861911;1.5;7.0;1.7142857142857142;1.0;5.0;7.0;1.0;False;0.0;1.0;0.0;13.0;1.0
0.0;0.0;0.4409585518440984;1.0;9.0;1.2222222222222223;1.0;2.0;4.0;1.0;False;0.0;1.0;0.0;9.0;1.0
0.0;0.0;0.0;1.0;2.0;1.0;1.0;1.0;4.0;1.0;False;0.0;1.0;0.0;9.0;1.0
0.0;0.0;0.0;0.0;0.0;0.0;0.0;0.0;4.0;0.0;False;0.0;0.0;0.0;9.0;1.0
0.0;0.0;0.5;1.25;4.0;1.25;1.0;2.0;1.0;1.0;False;0.0;1.0;0.0;2.0;1.0
0.0;0.0;0.0;0.0;0.0;0.0;0.0;0.0;1.0;0.0;False;0.0;0.0;0.0;2.0;1.0
0.0;0.0;1.2588865404147531;2.0;19.0;1.8421052631578947;1.0;5.0;16.0;1.0;True;0.0;1.0;0.0;36.0;1.0
0.0;0.0;0.8164965809277259;1.0;24.0;1.1666666666666667;1.0;5.0;24.0;1.0;False;0.0;1.0;0.0;29.0;1.0
0.0;0.0;0.33333333333333337;1.0;9.0;1.1111111111111112;1.0;2.0;2.0;1.0;False;0.0;1.0;0.0;4.0;1.0
0.0;0.0;0.0;0.0;0.0;0.0;0.0;0.0;2.0;0.0;False;0.0;0.0;0.0;4.0;1.0
0.0;0.0;0.5;1.25;4.0;1.25;1.0;2.0;38.0;1.0;False;0.0;1.0;0.0;82.0;1.0
0.0;0.0;1.6039839354635117;2.0;59.0;1.6610169491525424;1.0;12.0;38.0;1.0;False;0.0;1.0;0.0;82.0;1.0
0.0;0.0;0.0;1.0;1.0;1.0;1.0;1.0;38.0;1.0;False;0.0;1.0;0.0;82.0;1.0
0.0;0.0;0.0;1.0;2.0;1.0;1.0;1.0;38.0;1.0;False;0.0;1.0;0.0;82.0;1.0
0.0;0.0;0.0;1.0;1.0;1.0;1.0;1.0;38.0;1.0;False;0.0;1.0;0.0;82.0;1.0
0.0;0.0;1.5;1.75;4.0;1.75;1.0;4.0;38.0;1.0;False;0.0;1.0;0.0;82.0;1.0
0.0;0.0;0.0;6.0;1.0;6.0;6.0;6.0;38.0;6.0;False;0.0;6.0;0.0;82.0;1.0
0.0;0.0;0.0;1.0;1.0;1.0;1.0;1.0;38.0;1.0;False;0.0;1.0;0.0;82.0;1.0
0.0;0.0;0.0;1.0;1.0;1.0;1.0;1.0;38.0;1.0;False;0.0;1.0;0.0;82.0;1.0
0.0;0.0;0.0;0.0;0.0;0.0;0.0;0.0;38.0;0.0;False;0.0;0.0;0.0;82.0;1.0
0.0;0.0;0.5;2.25;4.0;2.25;2.0;3.0;38.0;2.0;False;0.0;2.0;0.0;82.0;1.0
0.0;0.0;2.309401076758504;4.0;3.0;3.333333333333333;2.0;6.0;38.0;2.0;False;0.0;2.0;0.0;82.0;1.0
0.0;0.0;0.0;0.0;0.0;0.0;0.0;0.0;38.0;0.0;False;0.0;0.0;0.0;82.0;1.0
0.0;0.0;0.0;0.0;0.0;0.0;0.0;0.0;0.0;0.0;False;0.0;0.0;0.0;0.0;0.0
0.0;0.0;0.0;1.0;3.0;1.0;1.0;1.0;0.0;1.0;False;0.0;1.0;0.0;3.0;1.0
0.0;0.0;0.0;1.0;3.0;1.0;1.0;1.0;3.0;1.0;False;0.0;1.0;0.0;3.0;1.0
0.0;0.0;0.0;0.0;0.0;0.0;0.0;0.0;3.0;0.0;False;0.0;0.0;0.0;9.0;1.0
0.0;0.0;0.0;0.0;0.0;0.0;0.0;0.0;3.0;0.0;False;0.0;0.0;0.0;9.0;1.0
0.0;0.0;1.2464234547582251;3.0;8.0;1.875;1.0;4.0;3.0;1.0;False;0.0;1.0;0.0;9.0;1.0
0.0;0.0;0.0;0.0;0.0;0.0;0.0;0.0;0.0;0.0;False;0.0;0.0;0.0;0.0;0.0
0.0;0.0;0.0;0.0;0.0;0.0;0.0;0.0;0.0;0.0;False;0.0;0.0;0.0;0.0;0.0
0.0;0.0;2.47847879612821;4.5;7.0;2.8571428571428568;1.0;7.0;7.0;1.0;False;0.0;1.0;0.0;22.0;1.0
0.0;0.0;0.5773502691896257;2.0;4.0;1.5;1.0;2.0;4.0;1.0;False;0.0;1.5;0.0;6.0;1.0
0.0;0.0;1.7320508075688772;2.5;3.0;2.0;1.0;4.0;12.0;1.0;True;0.0;1.0;0.0;48.0;1.0
0.0;0.0;3.4229616805723477;3.25;16.0;3.625;1.75;12.0;12.0;1.0;True;0.0;2.5;0.0;48.0;1.0
0.0;0.0;0.5477225575051661;2.0;5.0;1.4;1.0;2.0;5.0;1.0;False;0.0;1.0;0.0;9.0;1.0
0.0;0.0;1.4142135623730951;2.5;2.0;2.0;1.5;3.0;2.0;1.0;False;0.0;2.0;0.0;4.0;1.0
0.0;0.0;0.3779644730092273;1.0;7.0;1.1428571428571428;1.0;2.0;7.0;1.0;True;0.0;1.0;0.0;9.0;1.0
0.0;0.0;0.0;1.0;6.0;1.0;1.0;1.0;6.0;1.0;False;0.0;1.0;0.0;7.0;1.0
0.0;0.0;0.5345224838248488;1.0;14.0;1.1428571428571428;1.0;3.0;14.0;1.0;True;0.0;1.0;0.0;18.0;1.0
0.0;0.0;0.7679476477883045;1.0;13.0;1.3846153846153846;1.0;3.0;13.0;1.0;True;0.0;1.0;0.0;21.0;1.0
0.0;0.0;1.0425720702853738;1.0;23.0;1.2173913043478262;1.0;6.0;23.0;1.0;False;0.0;1.0;0.0;29.0;1.0
0.0;0.0;0.0;1.0;6.0;1.0;1.0;1.0;6.0;1.0;False;0.0;1.0;0.0;7.0;1.0
0.0;0.0;0.0;2.0;1.0;2.0;2.0;2.0;26.0;2.0;True;0.0;2.0;0.0;54.0;1.0
0.0;0.0;0.0;0.0;0.0;0.0;0.0;0.0;26.0;0.0;True;0.0;0.0;0.0;54.0;1.0
0.0;0.0;0.5;1.25;4.0;1.25;1.0;2.0;26.0;1.0;True;0.0;1.0;0.0;54.0;1.0
0.0;0.0;0.5773502691896257;1.5;3.0;1.3333333333333333;1.0;2.0;26.0;1.0;True;0.0;1.0;0.0;54.0;1.0
0.0;0.0;0.0;2.0;1.0;2.0;2.0;2.0;26.0;2.0;True;0.0;2.0;0.0;54.0;1.0
0.0;0.0;0.0;4.0;1.0;4.0;4.0;4.0;26.0;4.0;True;0.0;4.0;0.0;54.0;1.0
0.0;0.0;0.0;2.0;2.0;2.0;2.0;2.0;26.0;2.0;True;0.0;2.0;0.0;54.0;1.0
0.0;0.0;0.7071067811865476;1.75;2.0;1.5;1.25;2.0;26.0;1.0;True;0.0;1.5;0.0;54.0;1.0
0.0;0.0;0.9057622817115696;2.0;54.0;1.4814814814814814;1.0;5.0;26.0;1.0;True;0.0;1.0;0.0;54.0;1.0
0.0;0.0;0.0;0.0;0.0;0.0;0.0;0.0;0.0;0.0;False;0.0;0.0;0.0;0.0;0.0
0.0;0.0;0.2773500981126146;1.0;13.0;1.0769230769230769;1.0;2.0;12.0;1.0;False;0.0;1.0;0.0;18.0;1.0
0.0;0.0;0.0;1.0;4.0;1.0;1.0;1.0;3.0;1.0;False;0.0;1.0;0.0;4.0;1.0
0.0;0.0;2.0;4.0;9.0;3.0;1.0;6.0;9.0;1.0;False;0.0;4.0;0.0;22.0;1.0
0.0;0.0;0.0;0.0;0.0;0.0;0.0;0.0;3.0;0.0;True;0.0;0.0;0.0;9.0;1.0
0.0;0.0;0.0;1.0;7.0;1.0;1.0;1.0;3.0;1.0;True;0.0;1.0;0.0;9.0;1.0
0.0;0.0;1.4142135623730951;2.5;2.0;2.0;1.5;3.0;2.0;1.0;False;0.0;2.0;0.0;4.0;1.0
0.0;0.0;0.0;0.0;0.0;0.0;0.0;0.0;0.0;0.0;False;0.0;0.0;0.0;0.0;0.0
0.0;0.0;0.0;0.0;0.0;0.0;0.0;0.0;0.0;0.0;False;0.0;0.0;0.0;5.0;1.0
0.0;0.0;0.0;1.0;2.0;1.0;1.0;1.0;0.0;1.0;False;0.0;1.0;0.0;5.0;1.0
0.0;0.0;0.0;0.0;0.0;0.0;0.0;0.0;0.0;0.0;False;0.0;0.0;0.0;5.0;1.0
0.0;0.0;0.0;1.0;1.0;1.0;1.0;1.0;0.0;1.0;False;0.0;1.0;0.0;5.0;1.0
0.0;0.0;0.0;1.0;4.0;1.0;1.0;1.0;0.0;1.0;False;0.0;1.0;0.0;5.0;1.0
0.0;0.0;0.0;0.0;0.0;0.0;0.0;0.0;0.0;0.0;False;0.0;0.0;0.0;5.0;1.0
0.0;0.0;0.5773502691896257;2.0;3.0;1.6666666666666667;1.5;2.0;3.0;1.0;False;0.0;2.0;0.0;4.0;1.0
0.0;0.0;0.0;0.0;0.0;0.0;0.0;0.0;0.0;0.0;False;0.0;0.0;0.0;0.0;0.0
0.0;0.0;1.5;3.25;4.0;2.25;1.0;4.0;0.0;1.0;False;0.0;2.0;0.0;0.0;0.0
0.0;0.0;0.5345224838248488;2.0;8.0;1.5;1.0;2.0;0.0;1.0;False;0.0;1.5;0.0;0.0;0.0
0.0;0.0;1.1338934190276817;1.0;7.0;1.4285714285714286;1.0;4.0;0.0;1.0;False;0.0;1.0;0.0;0.0;0.0
0.0;0.0;0.0;1.0;23.0;1.0;1.0;1.0;0.0;1.0;True;0.0;1.0;0.0;0.0;0.0
0.0;0.0;0.0;1.0;5.0;1.0;1.0;1.0;0.0;1.0;False;0.0;1.0;0.0;0.0;0.0
0.0;0.0;0.0;1.0;2.0;1.0;1.0;1.0;0.0;1.0;False;0.0;1.0;0.0;0.0;0.0
0.0;0.0;0.0;1.0;7.0;1.0;1.0;1.0;0.0;1.0;False;0.0;1.0;0.0;0.0;0.0
0.0;0.0;0.0;1.0;5.0;1.0;1.0;1.0;0.0;1.0;False;0.0;1.0;0.0;0.0;0.0
0.0;0.0;0.0;1.0;5.0;1.0;1.0;1.0;0.0;1.0;False;0.0;1.0;0.0;0.0;0.0
0.0;0.0;1.4142135623730951;2.5;2.0;2.0;1.5;3.0;0.0;1.0;False;0.0;2.0;0.0;0.0;0.0
0.0;0.0;0.0;1.0;8.0;1.0;1.0;1.0;0.0;1.0;False;0.0;1.0;0.0;0.0;0.0
0.0;0.0;0.0;0.0;0.0;0.0;0.0;0.0;0.0;0.0;False;0.0;0.0;0.0;0.0;0.0
0.0;0.0;0.7071067811865476;1.75;2.0;1.5;1.25;2.0;0.0;1.0;False;0.0;1.5;0.0;0.0;0.0
0.0;0.0;0.0;1.0;8.0;1.0;1.0;1.0;0.0;1.0;False;0.0;1.0;0.0;0.0;0.0
0.0;0.0;0.0;1.0;1.0;1.0;1.0;1.0;0.0;1.0;False;0.0;1.0;0.0;0.0;0.0
0.0;0.0;0.0;1.0;3.0;1.0;1.0;1.0;0.0;1.0;False;0.0;1.0;0.0;0.0;0.0
0.0;0.0;0.0;1.0;6.0;1.0;1.0;1.0;0.0;1.0;False;0.0;1.0;0.0;0.0;0.0
0.0;0.0;0.0;0.0;0.0;0.0;0.0;0.0;0.0;0.0;False;0.0;0.0;0.0;0.0;0.0
0.0;0.0;0.7071067811865476;1.75;2.0;1.5;1.25;2.0;0.0;1.0;False;0.0;1.5;0.0;0.0;0.0
0.0;0.0;0.0;1.0;5.0;1.0;1.0;1.0;0.0;1.0;False;0.0;1.0;0.0;0.0;0.0
0.0;0.0;0.0;1.0;4.0;1.0;1.0;1.0;0.0;1.0;False;0.0;1.0;0.0;0.0;0.0
0.0;0.0;0.0;1.0;2.0;1.0;1.0;1.0;0.0;1.0;False;0.0;1.0;0.0;0.0;0.0
0.0;0.0;0.0;1.0;14.0;1.0;1.0;1.0;0.0;1.0;False;0.0;1.0;0.0;0.0;0.0
0.0;0.0;0.0;1.0;3.0;1.0;1.0;1.0;0.0;1.0;False;0.0;1.0;0.0;0.0;0.0
0.0;0.0;0.0;1.0;5.0;1.0;1.0;1.0;0.0;1.0;False;0.0;1.0;0.0;0.0;0.0
0.0;0.0;0.0;1.0;4.0;1.0;1.0;1.0;0.0;1.0;False;0.0;1.0;0.0;0.0;0.0
0.0;0.0;0.0;1.0;5.0;1.0;1.0;1.0;0.0;1.0;False;0.0;1.0;0.0;0.0;0.0
0.0;0.0;0.0;0.0;0.0;0.0;0.0;0.0;0.0;0.0;False;0.0;0.0;0.0;0.0;0.0
0.0;0.0;0.0;1.0;3.0;1.0;1.0;1.0;0.0;1.0;False;0.0;1.0;0.0;0.0;0.0
0.0;0.0;0.2886751345948129;1.0;12.0;1.0833333333333333;1.0;2.0;0.0;1.0;False;0.0;1.0;0.0;0.0;0.0
0.0;0.0;0.0;1.0;5.0;1.0;1.0;1.0;0.0;1.0;False;0.0;1.0;0.0;0.0;0.0
0.0;0.0;0.0;1.0;3.0;1.0;1.0;1.0;0.0;1.0;False;0.0;1.0;0.0;0.0;0.0
0.0;0.0;0.4472135954999579;1.0;5.0;1.2;1.0;2.0;0.0;1.0;False;0.0;1.0;0.0;0.0;0.0
0.0;0.0;0.0;1.0;1.0;1.0;1.0;1.0;0.0;1.0;False;0.0;1.0;0.0;0.0;0.0
0.0;0.0;0.0;1.0;3.0;1.0;1.0;1.0;0.0;1.0;False;0.0;1.0;0.0;0.0;0.0
0.0;0.0;0.0;3.0;2.0;3.0;3.0;3.0;0.0;3.0;False;0.0;3.0;0.0;0.0;0.0
0.0;0.0;0.0;1.0;8.0;1.0;1.0;1.0;0.0;1.0;False;0.0;1.0;0.0;0.0;0.0
0.0;0.0;0.0;0.0;0.0;0.0;0.0;0.0;0.0;0.0;False;0.0;0.0;0.0;0.0;0.0
0.0;0.0;0.0;1.0;2.0;1.0;1.0;1.0;0.0;1.0;False;0.0;1.0;0.0;0.0;0.0
0.0;0.0;0.0;1.0;1.0;1.0;1.0;1.0;0.0;1.0;False;0.0;1.0;0.0;0.0;0.0
0.0;0.0;0.0;1.0;2.0;1.0;1.0;1.0;0.0;1.0;False;0.0;1.0;0.0;0.0;0.0
0.0;0.0;0.0;1.0;8.0;1.0;1.0;1.0;0.0;1.0;False;0.0;1.0;0.0;0.0;0.0
0.0;0.0;0.0;0.0;0.0;0.0;0.0;0.0;0.0;0.0;False;0.0;0.0;0.0;0.0;0.0
0.0;0.0;0.0;4.0;1.0;4.0;4.0;4.0;0.0;4.0;False;0.0;4.0;0.0;0.0;0.0
0.0;0.0;0.0;2.0;1.0;2.0;2.0;2.0;0.0;2.0;False;0.0;2.0;0.0;0.0;0.0
0.0;0.0;0.0;1.0;6.0;1.0;1.0;1.0;0.0;1.0;False;0.0;1.0;0.0;0.0;0.0
0.0;0.0;0.0;5.0;1.0;5.0;5.0;5.0;0.0;5.0;False;0.0;5.0;0.0;0.0;0.0
0.0;0.0;0.0;0.0;0.0;0.0;0.0;0.0;0.0;0.0;False;0.0;0.0;0.0;0.0;0.0
0.0;0.0;0.0;0.0;0.0;0.0;0.0;0.0;0.0;0.0;False;0.0;0.0;0.0;0.0;0.0
0.0;0.0;2.1213203435596424;3.25;2.0;2.5;1.75;4.0;0.0;1.0;False;0.0;2.5;0.0;0.0;0.0
0.0;0.0;0.7071067811865476;1.75;2.0;1.5;1.25;2.0;0.0;1.0;False;0.0;1.5;0.0;0.0;0.0
0.0;0.0;0.0;0.0;0.0;0.0;0.0;0.0;0.0;0.0;False;0.0;0.0;0.0;0.0;0.0
0.0;0.0;0.0;1.0;1.0;1.0;1.0;1.0;0.0;1.0;False;0.0;1.0;0.0;0.0;0.0
0.0;0.0;0.0;1.0;2.0;1.0;1.0;1.0;0.0;1.0;False;0.0;1.0;0.0;0.0;0.0
0.0;0.0;0.0;1.0;3.0;1.0;1.0;1.0;0.0;1.0;False;0.0;1.0;0.0;0.0;0.0
0.0;0.0;0.0;1.0;2.0;1.0;1.0;1.0;0.0;1.0;False;0.0;1.0;0.0;0.0;0.0
0.0;0.0;0.0;1.0;5.0;1.0;1.0;1.0;0.0;1.0;False;0.0;1.0;0.0;0.0;0.0
0.0;0.0;0.0;1.0;2.0;1.0;1.0;1.0;0.0;1.0;False;0.0;1.0;0.0;0.0;0.0
0.0;0.0;0.0;1.0;5.0;1.0;1.0;1.0;0.0;1.0;False;0.0;1.0;0.0;0.0;0.0
0.0;0.0;0.0;0.0;0.0;0.0;0.0;0.0;0.0;0.0;False;0.0;0.0;0.0;0.0;0.0
0.0;0.0;0.0;1.0;2.0;1.0;1.0;1.0;0.0;1.0;False;0.0;1.0;0.0;0.0;0.0
0.0;0.0;0.0;1.0;3.0;1.0;1.0;1.0;0.0;1.0;False;0.0;1.0;0.0;0.0;0.0
0.0;0.0;0.0;0.0;0.0;0.0;0.0;0.0;0.0;0.0;False;0.0;0.0;0.0;0.0;0.0
0.0;0.0;0.0;0.0;0.0;0.0;0.0;0.0;0.0;0.0;False;0.0;0.0;0.0;0.0;0.0
0.0;0.0;0.0;0.0;0.0;0.0;0.0;0.0;0.0;0.0;False;0.0;0.0;0.0;0.0;0.0
0.0;0.0;0.0;0.0;0.0;0.0;0.0;0.0;0.0;0.0;False;0.0;0.0;0.0;0.0;0.0
0.0;0.0;0.0;1.0;2.0;1.0;1.0;1.0;0.0;1.0;False;0.0;1.0;0.0;0.0;0.0
0.0;0.0;0.0;1.0;2.0;1.0;1.0;1.0;0.0;1.0;False;0.0;1.0;0.0;0.0;0.0
0.0;0.0;0.0;1.0;7.0;1.0;1.0;1.0;0.0;1.0;False;0.0;1.0;0.0;0.0;0.0
0.0;0.0;0.0;1.0;1.0;1.0;1.0;1.0;0.0;1.0;False;0.0;1.0;0.0;0.0;0.0
0.0;0.0;0.0;1.0;3.0;1.0;1.0;1.0;0.0;1.0;False;0.0;1.0;0.0;0.0;0.0
0.0;0.0;0.0;0.0;0.0;0.0;0.0;0.0;0.0;0.0;False;0.0;0.0;0.0;0.0;0.0
0.0;0.0;0.0;1.0;7.0;1.0;1.0;1.0;0.0;1.0;False;0.0;1.0;0.0;0.0;0.0
0.0;0.0;0.7071067811865476;2.75;2.0;2.5;2.25;3.0;0.0;2.0;False;0.0;2.5;0.0;0.0;0.0
0.0;0.0;0.0;0.0;0.0;0.0;0.0;0.0;0.0;0.0;False;0.0;0.0;0.0;0.0;0.0
0.0;0.0;0.0;1.0;7.0;1.0;1.0;1.0;0.0;1.0;False;0.0;1.0;0.0;0.0;0.0
0.0;0.0;0.0;1.0;1.0;1.0;1.0;1.0;0.0;1.0;False;0.0;1.0;0.0;0.0;0.0
0.0;0.0;0.0;1.0;16.0;1.0;1.0;1.0;0.0;1.0;False;0.0;1.0;0.0;0.0;0.0
0.0;0.0;0.0;1.0;2.0;1.0;1.0;1.0;0.0;1.0;False;0.0;1.0;0.0;0.0;0.0
0.0;0.0;0.0;1.0;1.0;1.0;1.0;1.0;0.0;1.0;False;0.0;1.0;0.0;0.0;0.0
0.0;0.0;0.0;1.0;4.0;1.0;1.0;1.0;0.0;1.0;False;0.0;1.0;0.0;0.0;0.0
0.0;0.0;0.0;1.0;34.0;1.0;1.0;1.0;0.0;1.0;False;0.0;1.0;0.0;0.0;0.0
0.0;0.0;0.0;1.0;28.0;1.0;1.0;1.0;0.0;1.0;False;0.0;1.0;0.0;0.0;0.0
0.0;0.0;2.0275875100994063;1.0;9.0;1.8888888888888888;1.0;7.0;0.0;1.0;False;0.0;1.0;0.0;0.0;0.0
0.0;0.0;0.0;1.0;3.0;1.0;1.0;1.0;0.0;1.0;False;0.0;1.0;0.0;0.0;0.0
0.0;0.0;0.0;1.0;3.0;1.0;1.0;1.0;0.0;1.0;False;0.0;1.0;0.0;0.0;0.0
0.0;0.0;0.0;1.0;3.0;1.0;1.0;1.0;0.0;1.0;False;0.0;1.0;0.0;0.0;0.0
0.0;0.0;0.0;1.0;1.0;1.0;1.0;1.0;0.0;1.0;False;0.0;1.0;0.0;0.0;0.0
0.0;0.0;0.0;1.0;1.0;1.0;1.0;1.0;0.0;1.0;False;0.0;1.0;0.0;0.0;0.0
0.0;0.0;0.0;1.0;11.0;1.0;1.0;1.0;0.0;1.0;False;0.0;1.0;0.0;0.0;0.0
0.0;0.0;0.5773502691896257;1.5;3.0;1.3333333333333333;1.0;2.0;0.0;1.0;False;0.0;1.0;0.0;0.0;0.0
0.0;0.0;1.527525231651947;1.0;21.0;1.3333333333333333;1.0;8.0;0.0;1.0;False;0.0;1.0;0.0;0.0;0.0
0.0;0.0;0.8164965809277259;2.0;6.0;1.6666666666666667;1.0;3.0;0.0;1.0;False;0.0;1.5;0.0;0.0;0.0
0.0;0.0;0.0;1.0;5.0;1.0;1.0;1.0;0.0;1.0;False;0.0;1.0;0.0;0.0;0.0
0.0;0.0;1.0;3.0;5.0;2.0;1.0;3.0;0.0;1.0;False;0.0;2.0;0.0;0.0;0.0
0.0;0.0;2.217355782608345;4.0;4.0;3.75;2.75;7.0;0.0;2.0;False;0.0;3.0;0.0;0.0;0.0
0.0;0.0;0.7071067811865476;1.75;2.0;1.5;1.25;2.0;0.0;1.0;False;0.0;1.5;0.0;0.0;0.0
0.0;0.0;1.1547005383792517;3.0;4.0;2.0;1.0;3.0;0.0;1.0;False;0.0;2.0;0.0;0.0;0.0
0.0;0.0;1.1547005383792517;2.0;3.0;1.6666666666666667;1.0;3.0;0.0;1.0;False;0.0;1.0;0.0;0.0;0.0
0.0;0.0;1.2018504251546631;3.0;9.0;1.7777777777777777;1.0;4.0;0.0;1.0;False;0.0;1.0;0.0;0.0;0.0
0.0;0.0;1.0;2.5;3.0;2.0;1.5;3.0;0.0;1.0;False;0.0;2.0;0.0;0.0;0.0
0.0;0.0;0.0;0.0;0.0;0.0;0.0;0.0;0.0;0.0;False;0.0;0.0;0.0;0.0;0.0
0.0;0.0;0.3746343246326776;1.0;19.0;1.1578947368421053;1.0;2.0;14.0;1.0;True;0.0;1.0;0.0;20.0;1.0
0.0;0.0;0.99472291830968;2.0;20.0;1.6;1.0;4.0;7.0;1.0;True;0.0;1.0;0.0;21.0;1.0
0.0;0.0;0.0;0.0;0.0;0.0;0.0;0.0;6.0;0.0;False;0.0;0.0;0.0;13.0;1.0
0.0;0.0;1.1602387022306428;1.0;14.0;1.5;1.0;5.0;6.0;1.0;False;0.0;1.0;0.0;13.0;1.0
0.0;0.0;0.0;1.0;1.0;1.0;1.0;1.0;0.0;1.0;False;0.0;1.0;0.0;0.0;0.0
0.0;0.0;0.0;1.0;2.0;1.0;1.0;1.0;2.0;1.0;False;0.0;1.0;0.0;2.0;1.0
0.0;0.0;0.0;1.0;4.0;1.0;1.0;1.0;4.0;1.0;False;0.0;1.0;0.0;4.0;1.0
0.0;0.0;0.5773502691896257;2.0;3.0;1.6666666666666667;1.5;2.0;3.0;1.0;False;0.0;2.0;0.0;6.0;1.0
0.0;0.0;0.5606119105813882;1.0;15.0;1.2;1.0;3.0;15.0;1.0;False;0.0;1.0;0.0;22.0;1.0
0.0;0.0;1.414213562373095;1.0;9.0;1.6666666666666667;1.0;5.0;9.0;1.0;False;0.0;1.0;0.0;16.0;1.0
0.0;0.0;2.0615528128088303;3.0;9.0;2.333333333333333;1.0;7.0;1.0;1.0;False;0.0;1.0;0.0;4.0;1.0
0.0;0.0;1.1547005383792517;2.0;3.0;1.6666666666666667;1.0;3.0;1.0;1.0;False;0.0;1.0;0.0;4.0;1.0
0.0;0.0;1.0;2.5;3.0;2.0;1.5;3.0;1.0;1.0;False;0.0;2.0;0.0;3.0;1.0
0.0;0.0;0.0;1.0;1.0;1.0;1.0;1.0;0.0;1.0;False;0.0;1.0;0.0;2.0;1.0
0.0;0.0;0.0;0.0;0.0;0.0;0.0;0.0;1.0;0.0;False;0.0;0.0;0.0;2.0;1.0
0.0;0.0;0.957427107756338;2.25;4.0;1.75;1.0;3.0;1.0;1.0;False;0.0;1.5;0.0;2.0;1.0
0.0;0.0;1.3291601358251257;3.0;6.0;2.1666666666666665;1.0;4.0;4.0;1.0;False;0.0;2.0;0.0;15.0;1.0
0.0;0.0;0.0;1.0;1.0;1.0;1.0;1.0;1.0;1.0;False;0.0;1.0;0.0;4.0;1.0
0.0;0.0;0.0;0.0;0.0;0.0;0.0;0.0;8.0;0.0;False;0.0;0.0;0.0;48.0;1.0
0.0;0.0;1.5;3.25;4.0;2.25;1.0;4.0;8.0;1.0;False;0.0;2.0;0.0;48.0;1.0
0.0;0.0;0.0;1.0;1.0;1.0;1.0;1.0;8.0;1.0;False;0.0;1.0;0.0;48.0;1.0
0.0;0.0;2.5448868885202582;3.0;24.0;2.708333333333333;1.0;9.0;8.0;1.0;False;0.0;1.0;0.0;48.0;1.0
0.0;0.0;1.4142135623730951;2.5;2.0;2.0;1.5;3.0;8.0;1.0;False;0.0;2.0;0.0;48.0;1.0
0.0;0.0;0.0;1.0;1.0;1.0;1.0;1.0;8.0;1.0;False;0.0;1.0;0.0;48.0;1.0
0.0;0.0;0.0;1.0;1.0;1.0;1.0;1.0;8.0;1.0;False;0.0;1.0;0.0;48.0;1.0
0.0;0.0;0.0;3.0;1.0;3.0;3.0;3.0;8.0;3.0;False;0.0;3.0;0.0;48.0;1.0
0.0;0.0;0.0;1.0;1.0;1.0;1.0;1.0;1.0;1.0;False;0.0;1.0;0.0;2.0;1.0
0.0;0.0;2.309401076758504;3.0;3.0;2.333333333333333;1.0;5.0;3.0;1.0;False;0.0;1.0;0.0;6.0;1.0
0.0;0.0;2.6076809620810595;3.0;5.0;2.6;1.0;7.0;3.0;1.0;False;0.0;1.0;0.0;9.0;1.0
0.0;0.0;0.0;0.0;0.0;0.0;0.0;0.0;3.0;0.0;False;0.0;0.0;0.0;9.0;1.0
0.0;0.0;0.0;1.0;3.0;1.0;1.0;1.0;3.0;1.0;False;0.0;1.0;0.0;3.0;1.0
0.0;0.0;0.0;1.0;3.0;1.0;1.0;1.0;3.0;1.0;False;0.0;1.0;0.0;3.0;1.0
0.0;0.0;9.082688924279974;3.0;15.0;4.933333333333334;1.5;37.0;2.0;1.0;False;0.0;3.0;0.0;66.0;1.0
0.0;0.0;3.331666249791536;5.25;6.0;3.5;1.0;9.0;2.0;1.0;False;0.0;2.0;0.0;22.0;1.0
0.0;0.0;0.0;2.0;4.0;2.0;2.0;2.0;0.0;2.0;False;0.0;2.0;0.0;9.0;1.0
0.0;0.0;0.0;0.0;0.0;0.0;0.0;0.0;1.0;0.0;False;0.0;0.0;0.0;1.0;1.0
0.0;0.0;0.0;1.0;2.0;1.0;1.0;1.0;1.0;1.0;False;0.0;1.0;0.0;1.0;1.0
0.0;0.0;0.0;0.0;0.0;0.0;0.0;0.0;11.0;0.0;False;0.0;0.0;0.0;12.0;1.0
0.0;0.0;0.4385290096535146;1.0;13.0;1.2307692307692308;1.0;2.0;11.0;1.0;False;0.0;1.0;0.0;12.0;1.0
0.0;0.0;0.5;1.25;4.0;1.25;1.0;2.0;3.0;1.0;False;0.0;1.0;0.0;3.0;1.0
0.0;0.0;0.0;0.0;0.0;0.0;0.0;0.0;3.0;0.0;False;0.0;0.0;0.0;3.0;1.0
0.0;0.0;0.0;0.0;0.0;0.0;0.0;0.0;7.0;0.0;False;0.0;0.0;0.0;10.0;1.0
0.0;0.0;0.0;0.0;0.0;0.0;0.0;0.0;7.0;0.0;False;0.0;0.0;0.0;10.0;1.0
0.0;0.0;0.0;0.0;0.0;0.0;0.0;0.0;7.0;0.0;False;0.0;0.0;0.0;10.0;1.0
0.0;0.0;0.2886751345948129;1.0;12.0;1.0833333333333333;1.0;2.0;7.0;1.0;False;0.0;1.0;0.0;10.0;1.0
0.0;0.0;0.0;0.0;0.0;0.0;0.0;0.0;5.0;0.0;True;0.0;0.0;0.0;8.0;1.0
0.0;0.0;0.4385290096535146;1.0;13.0;1.2307692307692308;1.0;2.0;5.0;1.0;True;0.0;1.0;0.0;8.0;1.0
0.0;0.0;0.5477225575051661;2.0;5.0;1.4;1.0;2.0;3.0;1.0;False;0.0;1.0;0.0;6.0;1.0
0.0;0.0;0.0;1.0;3.0;1.0;1.0;1.0;1.0;1.0;False;0.0;1.0;0.0;1.0;1.0
0.0;0.0;0.0;1.0;3.0;1.0;1.0;1.0;18.0;1.0;False;0.0;1.0;0.0;24.0;1.0
0.0;0.0;0.0;1.0;1.0;1.0;1.0;1.0;18.0;1.0;False;0.0;1.0;0.0;24.0;1.0
0.0;0.0;0.0;2.0;1.0;2.0;2.0;2.0;18.0;2.0;False;0.0;2.0;0.0;24.0;1.0
0.0;0.0;0.0;1.0;25.0;1.0;1.0;1.0;18.0;1.0;False;0.0;1.0;0.0;24.0;1.0
0.0;0.0;2.0;2.0;12.0;2.0;1.0;8.0;5.0;1.0;False;0.0;1.0;0.0;13.0;1.0
0.0;0.0;0.0;1.0;4.0;1.0;1.0;1.0;3.0;1.0;False;0.0;1.0;0.0;3.0;1.0
0.0;0.0;0.0;0.0;0.0;0.0;0.0;0.0;3.0;0.0;False;0.0;0.0;0.0;3.0;1.0
0.0;0.0;0.0;0.0;0.0;0.0;0.0;0.0;0.0;0.0;False;0.0;0.0;0.0;0.0;0.0
0.0;0.0;2.1001700611413083;1.25;8.0;1.875;1.0;7.0;0.0;1.0;False;0.0;1.0;0.0;0.0;0.0
0.0;0.0;0.0;1.0;1.0;1.0;1.0;1.0;0.0;1.0;False;0.0;1.0;0.0;0.0;0.0
0.0;0.0;0.0;1.0;1.0;1.0;1.0;1.0;0.0;1.0;False;0.0;1.0;0.0;0.0;0.0
0.0;0.0;1.5275252316519468;3.0;3.0;2.333333333333333;1.5;4.0;3.0;1.0;True;0.0;2.0;0.0;8.0;1.0
0.0;0.0;2.309401076758504;3.0;3.0;2.333333333333333;1.0;5.0;3.0;1.0;False;0.0;1.0;0.0;5.0;1.0
0.0;0.0;0.5773502691896257;2.0;4.0;1.5;1.0;2.0;2.0;1.0;False;0.0;1.5;0.0;4.0;1.0
0.0;0.0;2.8284271247461903;4.0;2.0;3.0;2.0;5.0;2.0;1.0;True;0.0;3.0;0.0;7.0;1.0
0.0;0.0;0.0;1.0;1.0;1.0;1.0;1.0;0.0;1.0;False;0.0;1.0;0.0;1.0;1.0
0.0;0.0;1.4142135623730951;4.5;2.0;4.0;3.5;5.0;1.0;3.0;False;0.0;4.0;0.0;8.0;1.0
0.0;0.0;0.0;1.0;2.0;1.0;1.0;1.0;2.0;1.0;False;0.0;1.0;0.0;3.0;1.0
0.0;0.0;2.877112750272011;2.0;9.0;2.4444444444444446;1.0;10.0;7.0;1.0;True;0.0;2.0;0.0;21.0;1.0
0.0;0.0;4.592719629269088;2.0;22.0;2.9545454545454546;1.0;21.0;16.0;1.0;True;0.0;1.5;0.0;47.0;1.0
0.0;0.0;0.0;0.0;0.0;0.0;0.0;0.0;3.0;0.0;False;0.0;0.0;0.0;9.0;1.0
0.0;0.0;1.1666666666666667;3.0;9.0;1.8888888888888888;1.0;4.0;3.0;1.0;False;0.0;1.0;0.0;9.0;1.0
0.0;0.0;0.7071067811865476;2.75;2.0;2.5;2.25;3.0;1.0;2.0;False;0.0;2.5;0.0;6.0;1.0
0.0;0.0;0.7071067811865476;3.75;2.0;3.5;3.25;4.0;1.0;3.0;False;0.0;3.5;0.0;9.0;1.0
0.0;0.0;0.0;1.0;1.0;1.0;1.0;1.0;1.0;1.0;False;0.0;1.0;0.0;2.0;1.0
0.0;0.0;0.0;1.0;1.0;1.0;1.0;1.0;1.0;1.0;False;0.0;1.0;0.0;2.0;1.0
0.0;0.0;0.0;2.0;1.0;2.0;2.0;2.0;1.0;2.0;True;0.0;2.0;0.0;2.0;1.0
0.0;0.0;0.0;2.0;1.0;2.0;2.0;2.0;1.0;2.0;True;0.0;2.0;0.0;2.0;1.0
0.0;0.0;4.618802153517007;5.0;3.0;3.6666666666666665;1.0;9.0;1.0;1.0;False;0.0;1.0;0.0;14.0;1.0
0.0;0.0;0.0;1.0;8.0;1.0;1.0;1.0;8.0;1.0;True;0.0;1.0;0.0;8.0;1.0
0.0;0.0;0.0;1.0;1.0;1.0;1.0;1.0;1.0;1.0;False;0.0;1.0;0.0;1.0;1.0
0.0;0.0;0.0;3.0;2.0;3.0;3.0;3.0;1.0;3.0;False;0.0;3.0;0.0;7.0;1.0
0.0;0.0;1.4142135623730951;2.5;2.0;2.0;1.5;3.0;1.0;1.0;False;0.0;2.0;0.0;7.0;1.0
0.0;0.0;1.5491933384829668;3.25;6.0;2.0;1.0;4.0;1.0;1.0;False;0.0;1.0;0.0;9.0;1.0
0.0;0.0;0.0;0.0;0.0;0.0;0.0;0.0;1.0;0.0;False;0.0;0.0;0.0;9.0;1.0
0.0;0.0;0.0;1.0;1.0;1.0;1.0;1.0;1.0;1.0;False;0.0;1.0;0.0;2.0;1.0
0.0;0.0;0.0;1.0;1.0;1.0;1.0;1.0;1.0;1.0;False;0.0;1.0;0.0;2.0;1.0
0.0;0.0;0.0;1.0;1.0;1.0;1.0;1.0;1.0;1.0;False;0.0;1.0;0.0;2.0;1.0
0.0;0.0;0.0;1.0;1.0;1.0;1.0;1.0;1.0;1.0;False;0.0;1.0;0.0;2.0;1.0
0.0;0.0;0.0;2.0;1.0;2.0;2.0;2.0;1.0;2.0;False;0.0;2.0;0.0;3.0;1.0
0.0;0.0;0.0;1.0;1.0;1.0;1.0;1.0;1.0;1.0;True;0.0;1.0;0.0;2.0;1.0
0.0;0.0;0.0;1.0;1.0;1.0;1.0;1.0;1.0;1.0;False;0.0;1.0;0.0;2.0;1.0
0.0;0.0;0.0;1.0;1.0;1.0;1.0;1.0;1.0;1.0;False;0.0;1.0;0.0;2.0;1.0
0.0;0.0;0.0;1.0;1.0;1.0;1.0;1.0;1.0;1.0;False;0.0;1.0;0.0;2.0;1.0
0.0;0.0;0.0;2.0;1.0;2.0;2.0;2.0;1.0;2.0;False;0.0;2.0;0.0;3.0;1.0
0.0;0.0;0.0;2.0;1.0;2.0;2.0;2.0;1.0;2.0;False;0.0;2.0;0.0;3.0;1.0
0.0;0.0;1.4142135623730951;2.5;2.0;2.0;1.5;3.0;1.0;1.0;True;0.0;2.0;0.0;4.0;1.0
0.0;0.0;0.0;0.0;0.0;0.0;0.0;0.0;1.0;0.0;False;0.0;0.0;0.0;5.0;1.0
0.0;0.0;1.2649110640673518;2.75;6.0;2.0;1.0;4.0;1.0;1.0;False;0.0;1.5;0.0;5.0;1.0
0.0;0.0;0.0;1.0;1.0;1.0;1.0;1.0;1.0;1.0;False;0.0;1.0;0.0;2.0;1.0
0.0;0.0;1.4142135623730951;2.0;7.0;2.0;1.0;5.0;3.0;1.0;True;0.0;2.0;0.0;14.0;1.0
0.0;0.0;0.0;1.0;3.0;1.0;1.0;1.0;0.0;1.0;True;0.0;1.0;0.0;3.0;1.0
0.0;0.0;0.5;1.25;4.0;1.25;1.0;2.0;3.0;1.0;True;0.0;1.0;0.0;4.0;1.0
0.0;0.0;0.0;1.0;6.0;1.0;1.0;1.0;6.0;1.0;False;0.0;1.0;0.0;8.0;1.0
0.0;0.0;0.0;1.0;8.0;1.0;1.0;1.0;0.0;1.0;False;0.0;1.0;0.0;0.0;0.0
0.0;0.0;0.0;1.0;2.0;1.0;1.0;1.0;0.0;1.0;False;0.0;1.0;0.0;0.0;0.0
0.0;0.0;0.0;1.0;2.0;1.0;1.0;1.0;0.0;1.0;False;0.0;1.0;0.0;0.0;0.0
0.0;0.0;0.3415650255319866;1.0;16.0;1.125;1.0;2.0;0.0;1.0;False;0.0;1.0;0.0;0.0;0.0
0.0;0.0;0.0;1.0;3.0;1.0;1.0;1.0;0.0;1.0;False;0.0;1.0;0.0;0.0;0.0
0.0;0.0;0.0;0.0;0.0;0.0;0.0;0.0;0.0;0.0;False;0.0;0.0;0.0;0.0;0.0
0.0;0.0;0.0;1.0;1.0;1.0;1.0;1.0;0.0;1.0;False;0.0;1.0;0.0;0.0;0.0
