WMC_CK_75%;WMC_CK_25%;WMC_CK_count;NMI;WMC_CK_50%;NOCh;NPM;WMC;NORM;NMIR;Bugged;WMC_CK_mean;WMC_CK_max;WMC_CK_min;DIT;WMC_CK_std
2.75;1.0;26.0;0.0;1.0;0.0;2.0;53.0;0.0;0.0;True;2.230769230769231;8.0;1.0;1.0;2.0061444077172967
1.0;1.0;1.0;0.0;1.0;0.0;2.0;53.0;0.0;0.0;True;1.0;1.0;1.0;1.0;0.0
0.0;0.0;0.0;0.0;0.0;0.0;0.0;0.0;0.0;0.0;False;0.0;0.0;0.0;0.0;0.0
3.25;1.75;4.0;0.0;2.5;0.0;4.0;9.0;0.0;0.0;False;2.5;4.0;1.0;1.0;1.2909944487358056
1.0;1.0;1.0;0.0;1.0;0.0;0.0;1.0;0.0;0.0;False;1.0;1.0;1.0;1.0;0.0
3.0;1.0;9.0;0.0;2.0;0.0;5.0;21.0;0.0;0.0;False;2.333333333333333;5.0;1.0;1.0;1.5
8.25;1.25;6.0;0.0;4.0;0.0;1.0;27.0;0.0;0.0;True;5.333333333333333;13.0;1.0;1.0;4.926120853842979
0.0;0.0;0.0;0.0;0.0;0.0;1.0;27.0;0.0;0.0;True;0.0;0.0;0.0;1.0;0.0
6.0;6.0;1.0;0.0;6.0;0.0;1.0;5.0;0.0;0.0;True;6.0;6.0;6.0;1.0;0.0
8.0;8.0;1.0;0.0;8.0;0.0;1.0;7.0;0.0;0.0;True;8.0;8.0;8.0;1.0;0.0
9.25;7.75;2.0;0.0;8.5;0.0;1.0;16.0;0.0;0.0;True;8.5;10.0;7.0;1.0;2.1213203435596424
1.0;1.0;1.0;0.0;1.0;0.0;1.0;2.0;0.0;0.0;False;1.0;1.0;1.0;1.0;0.0
5.0;2.0;11.0;0.0;3.0;0.0;2.0;34.0;0.0;0.0;True;5.909090909090909;19.0;1.0;1.0;6.6099099154912135
0.0;0.0;0.0;0.0;0.0;0.0;2.0;34.0;0.0;0.0;True;0.0;0.0;0.0;1.0;0.0
0.0;0.0;0.0;0.0;0.0;0.0;0.0;0.0;0.0;0.0;False;0.0;0.0;0.0;0.0;0.0
2.75;1.0;14.0;0.0;1.0;0.0;9.0;28.0;0.0;0.0;False;2.142857142857143;6.0;1.0;1.0;1.83374953650638
1.0;1.0;1.0;0.0;1.0;0.0;0.0;1.0;0.0;0.0;False;1.0;1.0;1.0;1.0;0.0
3.25;1.75;2.0;0.0;2.5;0.0;2.0;3.0;0.0;0.0;False;2.5;4.0;1.0;1.0;2.1213203435596424
1.0;1.0;7.0;0.0;1.0;0.0;7.0;8.0;0.0;0.0;False;1.0;1.0;1.0;1.0;0.0
1.0;1.0;2.0;0.0;1.0;0.0;0.0;2.0;0.0;0.0;False;1.0;1.0;1.0;1.0;0.0
2.0;1.0;20.0;0.0;1.0;0.0;18.0;32.0;0.0;0.0;True;1.9;6.0;1.0;1.0;1.6511558949637928
1.0;1.0;1.0;0.0;1.0;0.0;12.0;59.0;0.0;0.0;False;1.0;1.0;1.0;1.0;0.0
2.75;1.0;18.0;0.0;1.0;0.0;12.0;59.0;0.0;0.0;False;2.2222222222222223;8.0;1.0;1.0;1.986885104453867
2.0;1.0;12.0;0.0;1.5;0.0;3.0;22.0;0.0;0.0;False;1.6666666666666667;4.0;1.0;1.0;0.8876253645985944
1.25;1.0;4.0;0.0;1.0;0.0;19.0;53.0;0.0;0.0;True;1.25;2.0;1.0;1.0;0.5
2.0;1.0;30.0;0.0;1.0;0.0;19.0;53.0;0.0;0.0;True;1.7666666666666666;6.0;1.0;1.0;1.3565507307349294
1.0;1.0;3.0;0.0;1.0;0.0;19.0;53.0;0.0;0.0;True;1.0;1.0;1.0;1.0;0.0
4.0;1.5;31.0;0.0;2.0;0.0;12.0;124.0;0.0;0.0;True;3.9354838709677415;26.0;1.0;1.0;5.303681010210221
2.0;1.0;7.0;0.0;2.0;0.0;2.0;17.0;0.0;0.0;False;2.571428571428572;9.0;1.0;1.0;2.8784916685156983
1.0;1.0;3.0;0.0;1.0;0.0;3.0;4.0;0.0;0.0;False;1.0;1.0;1.0;1.0;0.0
3.5;1.25;10.0;0.0;2.0;0.0;5.0;26.0;0.0;0.0;True;2.5;5.0;1.0;1.0;1.5811388300841898
5.5;1.5;11.0;0.0;2.0;0.0;2.0;37.0;0.0;0.0;False;3.363636363636364;7.0;1.0;1.0;2.4196167991120943
3.0;1.0;23.0;0.0;2.0;0.0;10.0;45.0;0.0;0.0;True;2.217391304347826;7.0;1.0;1.0;1.5654369630794764
1.0;1.0;1.0;0.0;1.0;0.0;1.0;2.0;0.0;0.0;False;1.0;1.0;1.0;1.0;0.0
1.0;1.0;2.0;0.0;1.0;0.0;2.0;3.0;0.0;0.0;False;1.0;1.0;1.0;1.0;0.0
0.0;0.0;0.0;0.0;0.0;0.0;0.0;0.0;0.0;0.0;False;0.0;0.0;0.0;0.0;0.0
1.0;1.0;1.0;0.0;1.0;0.0;1.0;2.0;0.0;0.0;False;1.0;1.0;1.0;1.0;0.0
1.0;1.0;2.0;0.0;1.0;0.0;2.0;3.0;0.0;0.0;False;1.0;1.0;1.0;1.0;0.0
1.0;1.0;1.0;0.0;1.0;0.0;1.0;2.0;0.0;0.0;False;1.0;1.0;1.0;1.0;0.0
1.0;1.0;1.0;0.0;1.0;0.0;1.0;2.0;0.0;0.0;False;1.0;1.0;1.0;1.0;0.0
1.0;1.0;2.0;0.0;1.0;0.0;2.0;3.0;0.0;0.0;False;1.0;1.0;1.0;1.0;0.0
1.0;1.0;1.0;0.0;1.0;0.0;0.0;0.0;0.0;0.0;False;1.0;1.0;1.0;0.0;0.0
1.0;1.0;1.0;0.0;1.0;0.0;0.0;0.0;0.0;0.0;False;1.0;1.0;1.0;0.0;0.0
1.0;1.0;6.0;0.0;1.0;0.0;0.0;0.0;0.0;0.0;False;1.0;1.0;1.0;0.0;0.0
1.0;1.0;11.0;0.0;1.0;0.0;0.0;0.0;0.0;0.0;True;1.0;1.0;1.0;0.0;0.0
1.0;1.0;6.0;0.0;1.0;0.0;0.0;0.0;0.0;0.0;False;1.3333333333333333;3.0;1.0;0.0;0.8164965809277259
1.0;1.0;1.0;0.0;1.0;0.0;0.0;0.0;0.0;0.0;False;1.0;1.0;1.0;0.0;0.0
5.0;1.0;5.0;0.0;1.0;0.0;0.0;0.0;0.0;0.0;False;3.4;9.0;1.0;0.0;3.5777087639996634
1.0;1.0;1.0;0.0;1.0;0.0;0.0;0.0;0.0;0.0;False;1.0;1.0;1.0;0.0;0.0
5.0;1.0;5.0;0.0;3.0;0.0;0.0;0.0;0.0;0.0;False;3.8;9.0;1.0;0.0;3.3466401061363023
3.0;3.0;1.0;0.0;3.0;0.0;0.0;0.0;0.0;0.0;False;3.0;3.0;3.0;0.0;0.0
2.0;2.0;2.0;0.0;2.0;0.0;0.0;0.0;0.0;0.0;False;2.0;2.0;2.0;0.0;0.0
1.75;1.25;2.0;0.0;1.5;0.0;0.0;0.0;0.0;0.0;False;1.5;2.0;1.0;0.0;0.7071067811865476
1.0;1.0;1.0;0.0;1.0;0.0;0.0;0.0;0.0;0.0;False;1.0;1.0;1.0;0.0;0.0
1.0;1.0;13.0;0.0;1.0;0.0;0.0;13.0;0.0;0.0;False;1.0;1.0;1.0;1.0;0.0
1.0;1.0;3.0;0.0;1.0;0.0;0.0;3.0;0.0;0.0;False;1.0;1.0;1.0;1.0;0.0
1.0;1.0;6.0;0.0;1.0;0.0;0.0;8.0;0.0;0.0;False;1.0;1.0;1.0;1.0;0.0
1.0;1.0;3.0;0.0;1.0;0.0;0.0;4.0;0.0;0.0;False;1.0;1.0;1.0;1.0;0.0
1.0;1.0;12.0;0.0;1.0;0.0;12.0;14.0;0.0;0.0;False;1.1666666666666667;3.0;1.0;1.0;0.5773502691896257
2.0;1.0;43.0;0.0;1.0;0.0;17.0;99.0;0.0;0.0;True;2.372093023255814;38.0;1.0;1.0;5.631642134759432
2.0;1.0;12.0;0.0;1.0;0.0;11.0;19.0;0.0;0.0;False;1.5833333333333333;5.0;1.0;1.0;1.1645001528813148
3.0;1.0;15.0;0.0;2.0;0.0;15.0;44.0;0.0;0.0;True;2.8666666666666667;16.0;1.0;1.0;3.795987856872544
2.25;1.0;4.0;0.0;1.5;0.0;4.0;7.0;0.0;0.0;True;1.75;3.0;1.0;1.0;0.957427107756338
1.75;1.0;6.0;0.0;1.0;0.0;6.0;8.0;0.0;0.0;True;1.3333333333333333;2.0;1.0;1.0;0.5163977794943222
4.0;2.0;5.0;0.0;3.0;0.0;5.0;23.0;0.0;0.0;True;4.6;12.0;2.0;1.0;4.219004621945796
2.0;1.0;22.0;0.0;1.5;0.0;21.0;40.0;0.0;0.0;True;2.0;9.0;1.0;1.0;1.8257418583505536
1.0;1.0;4.0;0.0;1.0;0.0;4.0;4.0;0.0;0.0;False;1.0;1.0;1.0;1.0;0.0
1.0;1.0;1.0;0.0;1.0;0.0;22.0;49.0;0.0;0.0;False;1.0;1.0;1.0;1.0;0.0
2.0;1.0;28.0;0.0;1.5;0.0;22.0;49.0;0.0;0.0;False;1.8571428571428568;6.0;1.0;1.0;1.2084359562332876
1.0;1.0;2.0;0.0;1.0;0.0;2.0;2.0;0.0;0.0;False;1.0;1.0;1.0;1.0;0.0
2.0;1.0;7.0;0.0;2.0;0.0;7.0;11.0;0.0;0.0;False;1.5714285714285714;2.0;1.0;1.0;0.5345224838248488
2.0;1.0;14.0;0.0;1.0;0.0;13.0;20.0;0.0;0.0;True;1.7857142857142858;5.0;1.0;1.0;1.3114039117603014
1.0;1.0;5.0;0.0;1.0;0.0;0.0;5.0;0.0;0.0;False;1.0;1.0;1.0;1.0;0.0
1.0;1.0;15.0;0.0;1.0;0.0;13.0;29.0;0.0;0.0;False;1.8666666666666667;12.0;1.0;1.0;2.825057942937168
2.0;1.0;9.0;0.0;2.0;0.0;9.0;12.0;0.0;0.0;False;1.8888888888888888;3.0;1.0;1.0;0.7817359599705717
5.0;5.0;1.0;0.0;5.0;0.0;23.0;43.0;0.0;0.0;True;5.0;5.0;5.0;1.0;0.0
1.5;1.0;23.0;0.0;1.0;0.0;23.0;43.0;0.0;0.0;True;1.6956521739130437;6.0;1.0;1.0;1.4904173487710703
3.25;1.0;12.0;0.0;1.0;0.0;8.0;27.0;0.0;0.0;False;2.4166666666666665;7.0;1.0;1.0;2.151461800448216
2.0;1.0;9.0;0.0;1.0;0.0;9.0;15.0;0.0;0.0;False;1.8888888888888888;5.0;1.0;1.0;1.3642254619787415
2.0;1.0;8.0;0.0;1.0;0.0;8.0;11.0;0.0;0.0;False;1.375;2.0;1.0;1.0;0.5175491695067657
5.0;3.0;3.0;0.0;4.0;0.0;3.0;10.0;0.0;0.0;False;4.0;6.0;2.0;1.0;2.0
2.5;1.0;8.0;0.0;2.0;0.0;6.0;18.0;0.0;0.0;False;2.625;8.0;1.0;1.0;2.38671920665766
2.0;1.0;13.0;0.0;1.0;0.0;13.0;23.0;0.0;0.0;False;1.7692307692307692;4.0;1.0;1.0;1.1657505560686463
1.0;1.0;12.0;0.0;1.0;0.0;12.0;13.0;0.0;0.0;False;1.0833333333333333;2.0;1.0;1.0;0.2886751345948129
1.0;1.0;6.0;0.0;1.0;0.0;0.0;6.0;0.0;0.0;False;1.0;1.0;1.0;1.0;0.0
2.0;1.0;16.0;0.0;1.0;0.0;14.0;25.0;0.0;0.0;False;1.625;7.0;1.0;1.0;1.5
2.0;1.0;9.0;0.0;1.0;0.0;9.0;11.0;0.0;0.0;False;1.3333333333333333;2.0;1.0;1.0;0.5
2.0;1.0;13.0;0.0;1.0;0.0;13.0;19.0;0.0;0.0;False;1.6153846153846154;4.0;1.0;1.0;0.869718492622904
2.0;2.0;1.0;0.0;2.0;0.0;45.0;102.0;0.0;0.0;True;2.0;2.0;2.0;1.0;0.0
2.0;1.0;53.0;0.0;1.0;0.0;45.0;102.0;0.0;0.0;True;1.962264150943396;9.0;1.0;1.0;1.7092763218002682
1.0;1.0;6.0;0.0;1.0;0.0;6.0;7.0;0.0;0.0;False;1.0;1.0;1.0;1.0;0.0
1.0;1.0;3.0;0.0;1.0;0.0;3.0;4.0;0.0;0.0;False;1.0;1.0;1.0;1.0;0.0
1.0;1.0;8.0;0.0;1.0;0.0;8.0;8.0;0.0;0.0;False;1.0;1.0;1.0;1.0;0.0
1.0;1.0;4.0;0.0;1.0;0.0;4.0;7.0;0.0;0.0;False;1.0;1.0;1.0;1.0;0.0
1.0;1.0;41.0;0.0;1.0;0.0;41.0;49.0;0.0;0.0;False;1.0731707317073171;3.0;1.0;1.0;0.3457053588273564
1.0;1.0;7.0;0.0;1.0;0.0;7.0;15.0;0.0;0.0;True;1.8571428571428568;7.0;1.0;1.0;2.2677868380553634
1.0;1.0;8.0;0.0;1.0;0.0;8.0;8.0;0.0;0.0;False;1.0;1.0;1.0;1.0;0.0
1.0;1.0;28.0;0.0;1.0;0.0;28.0;39.0;0.0;0.0;False;1.0714285714285714;3.0;1.0;1.0;0.3779644730092272
1.0;1.0;4.0;0.0;1.0;0.0;4.0;4.0;0.0;0.0;False;1.0;1.0;1.0;1.0;0.0
1.0;1.0;25.0;0.0;1.0;0.0;25.0;28.0;0.0;0.0;False;1.08;3.0;1.0;1.0;0.4
1.0;1.0;28.0;0.0;1.0;0.0;28.0;35.0;0.0;0.0;True;1.25;7.0;1.0;1.0;1.1426091000668408
1.0;1.0;46.0;0.0;1.0;0.0;47.0;57.0;0.0;0.0;True;1.108695652173913;4.0;1.0;1.0;0.5261288760397955
1.0;1.0;1.0;0.0;1.0;0.0;47.0;57.0;0.0;0.0;True;1.0;1.0;1.0;1.0;0.0
1.75;1.0;10.0;0.0;1.0;0.0;10.0;16.0;0.0;0.0;False;1.6;4.0;1.0;1.0;1.0749676997731399
1.0;1.0;14.0;0.0;1.0;0.0;14.0;15.0;0.0;0.0;False;1.0;1.0;1.0;1.0;0.0
1.0;1.0;26.0;0.0;1.0;0.0;26.0;34.0;0.0;0.0;True;1.3461538461538465;4.0;1.0;1.0;0.7452413135250993
1.0;1.0;11.0;0.0;1.0;0.0;11.0;13.0;0.0;0.0;False;1.0;1.0;1.0;1.0;0.0
1.0;1.0;16.0;0.0;1.0;0.0;16.0;17.0;0.0;0.0;False;1.0;1.0;1.0;1.0;0.0
1.25;1.0;8.0;0.0;1.0;0.0;8.0;12.0;0.0;0.0;False;1.375;3.0;1.0;1.0;0.7440238091428449
5.0;1.0;4.0;0.0;2.5;0.0;3.0;13.0;0.0;0.0;False;3.5;8.0;1.0;1.0;3.3166247903554
1.0;1.0;31.0;0.0;1.0;0.0;31.0;42.0;0.0;0.0;True;1.1290322580645162;3.0;1.0;1.0;0.4994620762294149
1.0;1.0;8.0;0.0;1.0;0.0;8.0;10.0;0.0;0.0;False;1.0;1.0;1.0;1.0;0.0
1.0;1.0;6.0;0.0;1.0;0.0;6.0;6.0;0.0;0.0;True;1.0;1.0;1.0;1.0;0.0
1.0;1.0;2.0;0.0;1.0;0.0;0.0;2.0;0.0;0.0;False;1.0;1.0;1.0;1.0;0.0
1.0;1.0;16.0;0.0;1.0;0.0;16.0;16.0;0.0;0.0;True;1.0;1.0;1.0;1.0;0.0
2.0;1.0;53.0;0.0;1.0;0.0;49.0;81.0;0.0;0.0;True;1.8113207547169807;7.0;1.0;1.0;1.5449247401832196
1.0;1.0;7.0;0.0;1.0;0.0;49.0;81.0;0.0;0.0;True;1.0;1.0;1.0;1.0;0.0
1.0;1.0;21.0;0.0;1.0;0.0;21.0;24.0;0.0;0.0;True;1.1428571428571428;2.0;1.0;1.0;0.3585685828003181
1.0;1.0;3.0;0.0;1.0;0.0;0.0;3.0;0.0;0.0;False;1.0;1.0;1.0;1.0;0.0
1.0;1.0;18.0;0.0;1.0;0.0;18.0;21.0;0.0;0.0;False;1.0;1.0;1.0;1.0;0.0
1.75;1.0;6.0;0.0;1.0;0.0;6.0;14.0;0.0;0.0;False;2.1666666666666665;7.0;1.0;1.0;2.401388487243717
1.0;1.0;52.0;0.0;1.0;0.0;49.0;50.0;0.0;0.0;True;1.0769230769230769;3.0;1.0;1.0;0.3340866299625873
1.0;1.0;12.0;0.0;1.0;0.0;12.0;12.0;0.0;0.0;True;1.0;1.0;1.0;1.0;0.0
1.0;1.0;13.0;0.0;1.0;0.0;13.0;13.0;0.0;0.0;True;1.0;1.0;1.0;1.0;0.0
1.0;1.0;39.0;0.0;1.0;0.0;39.0;76.0;0.0;0.0;True;1.871794871794872;18.0;1.0;1.0;3.001574036011309
2.0;2.0;1.0;0.0;2.0;0.0;39.0;76.0;0.0;0.0;True;2.0;2.0;2.0;1.0;0.0
1.0;1.0;6.0;0.0;1.0;0.0;6.0;6.0;0.0;0.0;True;1.0;1.0;1.0;1.0;0.0
1.0;1.0;16.0;0.0;1.0;0.0;16.0;19.0;0.0;0.0;False;1.125;3.0;1.0;1.0;0.5
1.0;1.0;2.0;0.0;1.0;0.0;2.0;3.0;0.0;0.0;False;1.0;1.0;1.0;1.0;0.0
1.5;1.0;4.0;0.0;1.0;0.0;4.0;9.0;0.0;0.0;False;1.5;3.0;1.0;1.0;1.0
1.0;1.0;18.0;0.0;1.0;0.0;18.0;18.0;0.0;0.0;False;1.0;1.0;1.0;1.0;0.0
1.0;1.0;19.0;0.0;1.0;0.0;19.0;20.0;0.0;0.0;True;1.0526315789473684;2.0;1.0;1.0;0.2294157338705617
1.0;1.0;17.0;0.0;1.0;0.0;17.0;17.0;0.0;0.0;True;1.0588235294117647;2.0;1.0;1.0;0.24253562503633302
1.0;1.0;29.0;0.0;1.0;0.0;28.0;30.0;0.0;0.0;False;1.0689655172413792;3.0;1.0;1.0;0.3713906763541038
1.0;1.0;66.0;0.0;1.0;0.0;63.0;70.0;0.0;0.0;True;1.1515151515151516;3.0;1.0;1.0;0.43826315390937454
1.0;1.0;8.0;0.0;1.0;0.0;8.0;10.0;0.0;0.0;True;1.0;1.0;1.0;1.0;0.0
1.0;1.0;6.0;0.0;1.0;0.0;6.0;8.0;0.0;0.0;True;1.0;1.0;1.0;1.0;0.0
1.0;1.0;8.0;0.0;1.0;0.0;8.0;8.0;0.0;0.0;True;1.0;1.0;1.0;1.0;0.0
1.0;1.0;21.0;0.0;1.0;0.0;18.0;20.0;0.0;0.0;True;1.1904761904761905;2.0;1.0;1.0;0.4023739080814783
1.0;1.0;12.0;0.0;1.0;0.0;12.0;12.0;0.0;0.0;True;1.0;1.0;1.0;1.0;0.0
1.0;1.0;18.0;0.0;1.0;0.0;18.0;18.0;0.0;0.0;True;1.0;1.0;1.0;1.0;0.0
1.0;1.0;27.0;0.0;1.0;0.0;27.0;27.0;0.0;0.0;True;1.0;1.0;1.0;1.0;0.0
1.0;1.0;17.0;0.0;1.0;0.0;17.0;20.0;0.0;0.0;True;1.1176470588235294;2.0;1.0;1.0;0.3321055820775357
1.0;1.0;26.0;0.0;1.0;0.0;26.0;26.0;0.0;0.0;False;1.0;1.0;1.0;1.0;0.0
1.0;1.0;18.0;0.0;1.0;0.0;18.0;18.0;0.0;0.0;False;1.0;1.0;1.0;1.0;0.0
1.0;1.0;21.0;0.0;1.0;0.0;21.0;21.0;0.0;0.0;True;1.0;1.0;1.0;1.0;0.0
1.0;1.0;36.0;0.0;1.0;0.0;36.0;36.0;0.0;0.0;True;1.0;1.0;1.0;1.0;0.0
1.0;1.0;27.0;0.0;1.0;0.0;27.0;27.0;0.0;0.0;True;1.0;1.0;1.0;1.0;0.0
1.0;1.0;11.0;0.0;1.0;0.0;11.0;24.0;0.0;0.0;True;2.0;10.0;1.0;1.0;2.7202941017470885
1.0;1.0;26.0;0.0;1.0;0.0;26.0;28.0;0.0;0.0;True;1.0;1.0;1.0;1.0;0.0
1.0;1.0;10.0;0.0;1.0;0.0;10.0;10.0;0.0;0.0;True;1.0;1.0;1.0;1.0;0.0
1.0;1.0;70.0;0.0;1.0;0.0;66.0;85.0;0.0;0.0;True;1.3285714285714283;9.0;1.0;1.0;1.125738772841679
1.0;1.0;14.0;0.0;1.0;0.0;14.0;14.0;0.0;0.0;True;1.0;1.0;1.0;1.0;0.0
1.0;1.0;8.0;0.0;1.0;0.0;0.0;9.0;0.0;0.0;True;1.0;1.0;1.0;1.0;0.0
1.0;1.0;2.0;0.0;1.0;0.0;0.0;2.0;0.0;0.0;False;1.0;1.0;1.0;1.0;0.0
3.75;2.25;6.0;0.0;3.0;0.0;4.0;17.0;0.0;0.0;True;3.0;5.0;1.0;1.0;1.4142135623730951
24.0;24.0;1.0;0.0;24.0;0.0;7.0;29.0;0.0;0.0;True;24.0;24.0;24.0;1.0;0.0
1.0;1.0;1.0;0.0;1.0;0.0;7.0;29.0;0.0;0.0;True;1.0;1.0;1.0;1.0;0.0
1.0;1.0;1.0;0.0;1.0;0.0;7.0;29.0;0.0;0.0;True;1.0;1.0;1.0;1.0;0.0
1.0;1.0;1.0;0.0;1.0;0.0;7.0;29.0;0.0;0.0;True;1.0;1.0;1.0;1.0;0.0
1.0;1.0;1.0;0.0;1.0;0.0;7.0;29.0;0.0;0.0;True;1.0;1.0;1.0;1.0;0.0
1.0;1.0;1.0;0.0;1.0;0.0;7.0;29.0;0.0;0.0;True;1.0;1.0;1.0;1.0;0.0
2.0;2.0;1.0;0.0;2.0;0.0;7.0;29.0;0.0;0.0;True;2.0;2.0;2.0;1.0;0.0
2.75;1.0;10.0;0.0;2.0;0.0;10.0;30.0;0.0;0.0;False;2.9;9.0;1.0;1.0;2.8067379246694513
3.0;3.0;4.0;0.0;3.0;0.0;4.0;13.0;0.0;0.0;False;3.0;3.0;3.0;1.0;0.0
1.0;1.0;6.0;0.0;1.0;0.0;6.0;13.0;0.0;0.0;False;1.8333333333333333;6.0;1.0;1.0;2.041241452319315
3.0;1.0;6.0;0.0;2.0;0.0;6.0;13.0;0.0;0.0;True;2.1666666666666665;4.0;1.0;1.0;1.3291601358251257
2.0;2.0;2.0;0.0;2.0;0.0;2.0;5.0;0.0;0.0;False;2.0;2.0;2.0;1.0;0.0
1.0;1.0;7.0;0.0;1.0;0.0;7.0;11.0;0.0;0.0;False;1.0;1.0;1.0;1.0;0.0
1.0;1.0;2.0;0.0;1.0;0.0;2.0;4.0;0.0;0.0;False;1.0;1.0;1.0;1.0;0.0
1.0;1.0;4.0;0.0;1.0;0.0;0.0;0.0;0.0;0.0;False;1.0;1.0;1.0;0.0;0.0
1.0;1.0;4.0;0.0;1.0;0.0;0.0;0.0;0.0;0.0;True;1.0;1.0;1.0;0.0;0.0
1.0;1.0;1.0;0.0;1.0;0.0;0.0;0.0;0.0;0.0;False;1.0;1.0;1.0;0.0;0.0
0.0;0.0;0.0;0.0;0.0;0.0;0.0;0.0;0.0;0.0;True;0.0;0.0;0.0;0.0;0.0
1.0;1.0;29.0;0.0;1.0;0.0;2.0;45.0;0.0;0.0;True;1.7241379310344829;8.0;1.0;1.0;1.5788004425634112
7.0;3.0;35.0;0.0;5.0;0.0;1.0;180.0;0.0;0.0;True;6.142857142857142;22.0;1.0;1.0;4.778277176253932
2.0;1.0;12.0;0.0;1.0;0.0;12.0;27.0;0.0;0.0;True;2.25;7.0;1.0;1.0;2.3011854652449344
1.0;1.0;2.0;0.0;1.0;0.0;2.0;2.0;0.0;0.0;True;1.0;1.0;1.0;1.0;0.0
1.0;1.0;2.0;0.0;1.0;0.0;2.0;2.0;0.0;0.0;True;1.0;1.0;1.0;1.0;0.0
1.0;1.0;2.0;0.0;1.0;0.0;2.0;2.0;0.0;0.0;False;1.0;1.0;1.0;1.0;0.0
1.75;1.25;2.0;0.0;1.5;0.0;2.0;7.0;0.0;0.0;True;1.5;2.0;1.0;1.0;0.7071067811865476
1.75;1.25;2.0;0.0;1.5;0.0;2.0;3.0;0.0;0.0;True;1.5;2.0;1.0;1.0;0.7071067811865476
2.75;2.25;2.0;0.0;2.5;0.0;2.0;7.0;0.0;0.0;True;2.5;3.0;2.0;1.0;0.7071067811865476
2.75;2.25;2.0;0.0;2.5;0.0;2.0;5.0;0.0;0.0;True;2.5;3.0;2.0;1.0;0.7071067811865476
1.75;1.25;2.0;0.0;1.5;0.0;2.0;7.0;0.0;0.0;True;1.5;2.0;1.0;1.0;0.7071067811865476
2.75;2.25;2.0;0.0;2.5;0.0;2.0;7.0;0.0;0.0;True;2.5;3.0;2.0;1.0;0.7071067811865476
1.0;1.0;1.0;0.0;1.0;0.0;2.0;3.0;0.0;0.0;True;1.0;1.0;1.0;1.0;0.0
2.0;2.0;1.0;0.0;2.0;0.0;2.0;3.0;0.0;0.0;True;2.0;2.0;2.0;1.0;0.0
3.0;3.0;1.0;0.0;3.0;0.0;2.0;4.0;0.0;0.0;True;3.0;3.0;3.0;1.0;0.0
2.0;2.0;1.0;0.0;2.0;0.0;2.0;4.0;0.0;0.0;True;2.0;2.0;2.0;1.0;0.0
2.75;2.25;2.0;0.0;2.5;0.0;2.0;7.0;0.0;0.0;True;2.5;3.0;2.0;1.0;0.7071067811865476
1.75;1.25;2.0;0.0;1.5;0.0;2.0;3.0;0.0;0.0;True;1.5;2.0;1.0;1.0;0.7071067811865476
1.75;1.25;2.0;0.0;1.5;0.0;2.0;3.0;0.0;0.0;True;1.5;2.0;1.0;1.0;0.7071067811865476
1.75;1.25;2.0;0.0;1.5;0.0;2.0;7.0;0.0;0.0;True;1.5;2.0;1.0;1.0;0.7071067811865476
3.0;2.0;18.0;0.0;2.5;0.0;2.0;55.0;0.0;0.0;True;3.1666666666666665;15.0;1.0;1.0;3.1669246540936022
3.75;1.25;22.0;0.0;2.0;0.0;2.0;85.0;0.0;0.0;True;4.045454545454546;22.0;1.0;1.0;5.140662109729341
1.0;1.0;6.0;0.0;1.0;0.0;6.0;8.0;0.0;0.0;False;1.0;1.0;1.0;1.0;0.0
3.0;1.0;10.0;0.0;2.5;0.0;5.0;31.0;0.0;0.0;False;3.1;9.0;1.0;1.0;2.766867462592951
1.0;1.0;4.0;0.0;1.0;0.0;4.0;8.0;0.0;0.0;False;1.0;1.0;1.0;1.0;0.0
2.5;1.0;12.0;0.0;1.0;0.0;5.0;29.0;0.0;0.0;True;2.5;8.0;1.0;1.0;2.504541329810165
3.0;3.0;1.0;0.0;3.0;0.0;0.0;3.0;0.0;0.0;False;3.0;3.0;3.0;1.0;0.0
1.0;1.0;1.0;0.0;1.0;0.0;1.0;3.0;0.0;0.0;False;1.0;1.0;1.0;1.0;0.0
3.0;3.0;1.0;0.0;3.0;0.0;0.0;3.0;0.0;0.0;False;3.0;3.0;3.0;1.0;0.0
3.0;3.0;1.0;0.0;3.0;0.0;0.0;3.0;0.0;0.0;False;3.0;3.0;3.0;1.0;0.0
4.0;4.0;1.0;0.0;4.0;0.0;0.0;4.0;0.0;0.0;False;4.0;4.0;4.0;1.0;0.0
7.0;2.0;6.0;0.0;4.5;0.0;2.0;35.0;0.0;0.0;False;7.0;23.0;1.0;1.0;8.270429251254134
1.0;1.0;10.0;0.0;1.0;0.0;10.0;16.0;0.0;0.0;False;1.4;4.0;1.0;1.0;0.966091783079296
4.0;4.0;1.0;0.0;4.0;0.0;0.0;4.0;0.0;0.0;False;4.0;4.0;4.0;1.0;0.0
3.0;3.0;1.0;0.0;3.0;0.0;0.0;3.0;0.0;0.0;False;3.0;3.0;3.0;1.0;0.0
1.0;1.0;1.0;0.0;1.0;0.0;9.0;19.0;0.0;0.0;True;1.0;1.0;1.0;1.0;0.0
2.0;2.0;1.0;0.0;2.0;0.0;9.0;19.0;0.0;0.0;True;2.0;2.0;2.0;1.0;0.0
2.0;1.0;10.0;0.0;2.0;0.0;9.0;19.0;0.0;0.0;True;1.7;3.0;1.0;1.0;0.6749485577105528
0.0;0.0;0.0;0.0;0.0;0.0;0.0;0.0;0.0;0.0;False;0.0;0.0;0.0;0.0;0.0
1.0;1.0;63.0;0.0;1.0;0.0;63.0;63.0;0.0;0.0;False;1.0;1.0;1.0;1.0;0.0
1.0;1.0;3.0;0.0;1.0;0.0;0.0;0.0;0.0;0.0;False;1.0;1.0;1.0;0.0;0.0
1.0;1.0;1.0;0.0;1.0;0.0;1.0;3.0;0.0;0.0;False;1.0;1.0;1.0;1.0;0.0
3.0;3.0;1.0;0.0;3.0;0.0;1.0;3.0;0.0;0.0;False;3.0;3.0;3.0;1.0;0.0
1.0;1.0;21.0;0.0;1.0;0.0;20.0;32.0;0.0;0.0;False;1.4761904761904765;4.0;1.0;1.0;0.9283882603225668
2.0;1.0;39.0;0.0;1.0;0.0;30.0;105.0;0.0;0.0;False;2.6666666666666665;31.0;1.0;1.0;4.906136508353238
1.0;1.0;4.0;0.0;1.0;0.0;0.0;4.0;0.0;0.0;False;1.0;1.0;1.0;1.0;0.0
1.0;1.0;10.0;0.0;1.0;0.0;0.0;10.0;0.0;0.0;False;1.0;1.0;1.0;1.0;0.0
1.0;1.0;8.0;0.0;1.0;0.0;7.0;12.0;0.0;0.0;False;1.375;4.0;1.0;1.0;1.0606601717798212
1.25;1.0;4.0;0.0;1.0;0.0;3.0;6.0;0.0;0.0;False;1.25;2.0;1.0;1.0;0.5
1.25;1.0;4.0;0.0;1.0;0.0;3.0;6.0;0.0;0.0;False;1.25;2.0;1.0;1.0;0.5
1.25;1.0;4.0;0.0;1.0;0.0;3.0;6.0;0.0;0.0;False;1.25;2.0;1.0;1.0;0.5
1.25;1.0;4.0;0.0;1.0;0.0;3.0;6.0;0.0;0.0;False;1.25;2.0;1.0;1.0;0.5
5.0;1.5;10.0;0.0;3.5;0.0;6.0;36.0;0.0;0.0;False;3.6;7.0;1.0;1.0;2.1705094128132942
0.0;0.0;0.0;0.0;0.0;0.0;0.0;0.0;0.0;0.0;False;0.0;0.0;0.0;0.0;0.0
1.0;1.0;1.0;0.0;1.0;0.0;1.0;1.0;0.0;0.0;False;1.0;1.0;1.0;1.0;0.0
1.0;1.0;1.0;0.0;1.0;0.0;1.0;2.0;0.0;0.0;False;1.0;1.0;1.0;1.0;0.0
1.0;1.0;20.0;0.0;1.0;0.0;20.0;21.0;0.0;0.0;False;1.0;1.0;1.0;1.0;0.0
1.0;1.0;3.0;0.0;1.0;0.0;3.0;3.0;0.0;0.0;False;1.0;1.0;1.0;1.0;0.0
1.0;1.0;1.0;0.0;1.0;0.0;18.0;75.0;0.0;0.0;False;1.0;1.0;1.0;1.0;0.0
0.0;0.0;0.0;0.0;0.0;0.0;18.0;75.0;0.0;0.0;False;0.0;0.0;0.0;1.0;0.0
2.0;2.0;1.0;0.0;2.0;0.0;18.0;75.0;0.0;0.0;False;2.0;2.0;2.0;1.0;0.0
0.0;0.0;0.0;0.0;0.0;0.0;18.0;75.0;0.0;0.0;False;0.0;0.0;0.0;1.0;0.0
4.0;1.0;33.0;0.0;1.0;0.0;18.0;75.0;0.0;0.0;False;2.4242424242424243;13.0;1.0;1.0;2.5252512626259467
0.0;0.0;0.0;0.0;0.0;0.0;18.0;75.0;0.0;0.0;False;0.0;0.0;0.0;1.0;0.0
1.0;1.0;4.0;0.0;1.0;0.0;4.0;5.0;0.0;0.0;False;1.0;1.0;1.0;1.0;0.0
1.0;1.0;1.0;0.0;1.0;0.0;1.0;5.0;0.0;0.0;False;1.0;1.0;1.0;1.0;0.0
4.0;4.0;1.0;0.0;4.0;0.0;1.0;5.0;0.0;0.0;False;4.0;4.0;4.0;1.0;0.0
1.0;1.0;1.0;0.0;1.0;0.0;1.0;5.0;0.0;0.0;False;1.0;1.0;1.0;1.0;0.0
1.0;1.0;1.0;0.0;1.0;0.0;1.0;5.0;0.0;0.0;False;1.0;1.0;1.0;1.0;0.0
4.0;4.0;1.0;0.0;4.0;0.0;1.0;5.0;0.0;0.0;False;4.0;4.0;4.0;1.0;0.0
2.0;2.0;1.0;0.0;2.0;0.0;1.0;2.0;0.0;0.0;False;2.0;2.0;2.0;1.0;0.0
2.0;2.0;1.0;0.0;2.0;0.0;1.0;6.0;0.0;0.0;False;2.0;2.0;2.0;1.0;0.0
1.0;1.0;2.0;0.0;1.0;0.0;0.0;0.0;0.0;0.0;True;1.0;1.0;1.0;0.0;0.0
3.0;1.5;7.0;0.0;3.0;0.0;4.0;22.0;0.0;0.0;False;2.4285714285714284;4.0;1.0;1.0;1.1338934190276817
9.0;9.0;1.0;0.0;9.0;0.0;1.0;9.0;0.0;0.0;False;9.0;9.0;9.0;1.0;0.0
1.0;1.0;5.0;0.0;1.0;0.0;5.0;6.0;0.0;0.0;False;1.0;1.0;1.0;1.0;0.0
6.5;1.5;3.0;0.0;2.0;0.0;1.0;12.0;0.0;0.0;False;4.666666666666667;11.0;1.0;1.0;5.507570547286101
5.25;1.0;20.0;0.0;3.0;0.0;15.0;78.0;0.0;0.0;True;4.55;26.0;1.0;1.0;5.7351639264416745
4.0;2.0;13.0;0.0;3.0;0.0;9.0;57.0;0.0;0.0;True;4.769230769230768;28.0;1.0;1.0;7.1548799914679
2.0;1.0;3.0;0.0;1.0;0.0;1.0;6.0;0.0;0.0;False;1.6666666666666667;3.0;1.0;1.0;1.1547005383792517
1.0;1.0;2.0;0.0;1.0;0.0;0.0;3.0;0.0;0.0;False;1.0;1.0;1.0;1.0;0.0
1.0;1.0;3.0;0.0;1.0;0.0;2.0;7.0;0.0;0.0;False;1.0;1.0;1.0;1.0;0.0
9.25;6.25;4.0;0.0;8.5;0.0;2.0;22.0;0.0;0.0;False;7.0;10.0;1.0;1.0;4.08248290463863
3.0;1.0;3.0;0.0;1.0;0.0;2.0;16.0;0.0;0.0;False;2.333333333333333;5.0;1.0;1.0;2.309401076758504
6.5;1.0;3.0;0.0;1.0;0.0;2.0;14.0;0.0;0.0;False;4.666666666666667;12.0;1.0;1.0;6.3508529610858835
2.5;1.0;8.0;0.0;1.5;0.0;6.0;18.0;0.0;0.0;False;2.125;5.0;1.0;1.0;1.5526475085202969
1.0;1.0;14.0;0.0;1.0;0.0;14.0;22.0;0.0;0.0;False;1.2857142857142858;5.0;1.0;1.0;1.0690449676496976
2.5;1.0;3.0;0.0;1.0;0.0;2.0;6.0;0.0;0.0;False;2.0;4.0;1.0;1.0;1.7320508075688772
1.0;1.0;2.0;0.0;1.0;0.0;2.0;4.0;0.0;0.0;False;1.0;1.0;1.0;1.0;0.0
0.0;0.0;0.0;0.0;0.0;0.0;0.0;0.0;0.0;0.0;False;0.0;0.0;0.0;0.0;0.0
1.0;1.0;1.0;0.0;1.0;0.0;1.0;2.0;0.0;0.0;False;1.0;1.0;1.0;1.0;0.0
2.0;2.0;1.0;0.0;2.0;0.0;1.0;2.0;0.0;0.0;False;2.0;2.0;2.0;1.0;0.0
1.0;1.0;1.0;0.0;1.0;0.0;1.0;5.0;0.0;0.0;False;1.0;1.0;1.0;1.0;0.0
2.0;2.0;1.0;0.0;2.0;0.0;1.0;2.0;0.0;0.0;False;2.0;2.0;2.0;1.0;0.0
1.0;1.0;1.0;0.0;1.0;0.0;1.0;2.0;0.0;0.0;False;1.0;1.0;1.0;1.0;0.0
1.0;1.0;1.0;0.0;1.0;0.0;1.0;2.0;0.0;0.0;False;1.0;1.0;1.0;1.0;0.0
1.0;1.0;1.0;0.0;1.0;0.0;1.0;2.0;0.0;0.0;False;1.0;1.0;1.0;1.0;0.0
1.0;1.0;3.0;0.0;1.0;0.0;1.0;4.0;0.0;0.0;False;1.0;1.0;1.0;1.0;0.0
1.0;1.0;5.0;0.0;1.0;0.0;0.0;6.0;0.0;0.0;False;1.0;1.0;1.0;1.0;0.0
1.0;1.0;3.0;0.0;1.0;0.0;1.0;4.0;0.0;0.0;False;1.0;1.0;1.0;1.0;0.0
1.0;1.0;3.0;0.0;1.0;0.0;1.0;4.0;0.0;0.0;False;1.0;1.0;1.0;1.0;0.0
1.0;1.0;1.0;0.0;1.0;0.0;0.0;2.0;0.0;0.0;False;1.0;1.0;1.0;1.0;0.0
2.0;1.0;3.0;0.0;1.0;0.0;1.0;5.0;0.0;0.0;False;1.6666666666666667;3.0;1.0;1.0;1.1547005383792517
2.0;1.0;4.0;0.0;1.5;0.0;2.0;7.0;0.0;0.0;False;1.5;2.0;1.0;1.0;0.5773502691896257
1.0;1.0;3.0;0.0;1.0;0.0;1.0;4.0;0.0;0.0;False;1.0;1.0;1.0;1.0;0.0
1.0;1.0;2.0;0.0;1.0;0.0;1.0;2.0;0.0;0.0;False;1.0;1.0;1.0;1.0;0.0
3.25;1.75;2.0;0.0;2.5;0.0;1.0;5.0;0.0;0.0;False;2.5;4.0;1.0;1.0;2.1213203435596424
5.0;5.0;1.0;0.0;5.0;0.0;0.0;2.0;0.0;0.0;False;5.0;5.0;5.0;1.0;0.0
1.0;1.0;7.0;0.0;1.0;0.0;1.0;26.0;0.0;0.0;True;3.8571428571428568;21.0;1.0;1.0;7.559289460184544
1.0;1.0;3.0;0.0;1.0;0.0;1.0;26.0;0.0;0.0;True;1.0;1.0;1.0;1.0;0.0
0.0;0.0;0.0;0.0;0.0;0.0;1.0;26.0;0.0;0.0;True;0.0;0.0;0.0;1.0;0.0
4.0;1.0;9.0;0.0;2.0;0.0;9.0;21.0;0.0;0.0;False;2.6666666666666665;7.0;1.0;1.0;2.0615528128088303
3.75;3.0;4.0;0.0;3.0;0.0;4.0;11.0;0.0;0.0;False;3.75;6.0;3.0;1.0;1.5
5.0;1.75;6.0;0.0;4.5;0.0;5.0;23.0;0.0;0.0;True;4.0;8.0;1.0;1.0;2.683281572999748
2.0;1.0;7.0;0.0;1.0;0.0;7.0;10.0;0.0;0.0;False;1.4285714285714286;2.0;1.0;1.0;0.5345224838248488
3.0;2.0;12.0;0.0;2.0;0.0;10.0;25.0;0.0;0.0;False;2.5;5.0;1.0;1.0;1.314257481345542
1.0;1.0;11.0;0.0;1.0;0.0;11.0;11.0;0.0;0.0;False;1.0;1.0;1.0;1.0;0.0
2.0;2.0;1.0;0.0;2.0;0.0;1.0;2.0;0.0;0.0;False;2.0;2.0;2.0;1.0;0.0
1.0;1.0;1.0;0.0;1.0;0.0;1.0;3.0;0.0;0.0;False;1.0;1.0;1.0;1.0;0.0
2.5;1.5;3.0;0.0;2.0;0.0;2.0;5.0;0.0;0.0;False;2.0;3.0;1.0;1.0;1.0
1.0;1.0;1.0;0.0;1.0;0.0;1.0;3.0;0.0;0.0;False;1.0;1.0;1.0;1.0;0.0
2.0;1.0;51.0;0.0;1.0;0.0;50.0;77.0;0.0;0.0;True;1.5294117647058822;7.0;1.0;1.0;1.1722276430194027
1.0;1.0;63.0;0.0;1.0;0.0;63.0;65.0;0.0;0.0;True;1.0158730158730158;2.0;1.0;1.0;0.12598815766974242
2.0;1.0;14.0;0.0;2.0;0.0;13.0;39.0;0.0;0.0;True;1.8571428571428568;5.0;1.0;1.0;1.027105182026191
2.0;1.0;5.0;0.0;1.0;0.0;4.0;8.0;0.0;0.0;False;1.6;3.0;1.0;1.0;0.8944271909999159
1.0;1.0;6.0;0.0;1.0;0.0;6.0;7.0;0.0;0.0;True;1.0;1.0;1.0;1.0;0.0
1.0;1.0;2.0;0.0;1.0;0.0;2.0;5.0;0.0;0.0;False;1.0;1.0;1.0;1.0;0.0
1.0;1.0;3.0;0.0;1.0;0.0;0.0;4.0;0.0;0.0;False;1.0;1.0;1.0;1.0;0.0
1.0;1.0;1.0;0.0;1.0;0.0;1.0;3.0;0.0;0.0;False;1.0;1.0;1.0;1.0;0.0
2.0;2.0;2.0;0.0;2.0;0.0;0.0;4.0;0.0;0.0;False;2.0;2.0;2.0;1.0;0.0
2.5;1.0;7.0;0.0;2.0;0.0;4.0;12.0;0.0;0.0;False;2.142857142857143;5.0;1.0;1.0;1.4638501094227998
4.0;2.0;2.0;0.0;3.0;0.0;0.0;6.0;0.0;0.0;False;3.0;5.0;1.0;1.0;2.8284271247461903
1.0;1.0;4.0;0.0;1.0;0.0;4.0;9.0;0.0;0.0;False;1.0;1.0;1.0;1.0;0.0
2.0;1.0;5.0;0.0;1.0;0.0;5.0;11.0;0.0;0.0;False;1.4;2.0;1.0;1.0;0.5477225575051661
2.0;2.0;1.0;0.0;2.0;0.0;1.0;3.0;0.0;0.0;False;2.0;2.0;2.0;1.0;0.0
2.0;1.0;9.0;0.0;2.0;0.0;2.0;12.0;0.0;0.0;False;1.8888888888888888;4.0;1.0;1.0;1.0540925533894598
0.0;0.0;0.0;0.0;0.0;0.0;2.0;12.0;0.0;0.0;False;0.0;0.0;0.0;1.0;0.0
1.0;1.0;17.0;0.0;1.0;0.0;17.0;22.0;0.0;0.0;False;1.0588235294117647;2.0;1.0;1.0;0.24253562503633305
2.0;1.0;5.0;0.0;1.0;0.0;5.0;6.0;0.0;0.0;True;1.6;3.0;1.0;1.0;0.8944271909999159
0.0;0.0;0.0;0.0;0.0;0.0;0.0;0.0;0.0;0.0;False;0.0;0.0;0.0;0.0;0.0
0.0;0.0;0.0;0.0;0.0;0.0;0.0;0.0;0.0;0.0;False;0.0;0.0;0.0;0.0;0.0
1.0;1.0;1.0;0.0;1.0;0.0;0.0;0.0;0.0;0.0;False;1.0;1.0;1.0;0.0;0.0
2.0;2.0;6.0;0.0;2.0;0.0;0.0;0.0;0.0;0.0;False;1.8333333333333333;2.0;1.0;0.0;0.40824829046386296
1.0;1.0;4.0;0.0;1.0;0.0;0.0;0.0;0.0;0.0;False;1.0;1.0;1.0;0.0;0.0
2.0;1.5;3.0;0.0;2.0;0.0;0.0;0.0;0.0;0.0;False;1.6666666666666667;2.0;1.0;0.0;0.5773502691896257
1.0;1.0;2.0;0.0;1.0;0.0;0.0;0.0;0.0;0.0;False;1.0;1.0;1.0;0.0;0.0
1.0;1.0;9.0;0.0;1.0;0.0;3.0;8.0;0.0;0.0;False;1.0;1.0;1.0;1.0;0.0
1.0;1.0;13.0;0.0;1.0;0.0;5.0;14.0;0.0;0.0;False;1.0;1.0;1.0;1.0;0.0
3.0;3.0;1.0;0.0;3.0;0.0;0.0;4.0;0.0;0.0;True;3.0;3.0;3.0;1.0;0.0
2.0;1.5;3.0;0.0;2.0;0.0;3.0;5.0;0.0;0.0;False;1.6666666666666667;2.0;1.0;1.0;0.5773502691896257
1.0;1.0;1.0;0.0;1.0;0.0;1.0;2.0;0.0;0.0;False;1.0;1.0;1.0;1.0;0.0
1.75;1.0;4.0;0.0;1.0;0.0;0.0;3.0;0.0;0.0;False;1.75;4.0;1.0;1.0;1.5
1.0;1.0;6.0;0.0;1.0;0.0;0.0;3.0;0.0;0.0;False;1.3333333333333333;3.0;1.0;1.0;0.8164965809277259
1.0;1.0;1.0;0.0;1.0;0.0;0.0;3.0;0.0;0.0;False;1.0;1.0;1.0;1.0;0.0
2.75;1.0;14.0;0.0;1.0;0.0;0.0;18.0;0.0;0.0;True;1.9285714285714288;5.0;1.0;1.0;1.439245834257849
1.0;1.0;3.0;0.0;1.0;0.0;0.0;2.0;0.0;0.0;False;1.0;1.0;1.0;1.0;0.0
1.5;1.0;7.0;0.0;1.0;0.0;0.0;4.0;0.0;0.0;False;1.7142857142857142;5.0;1.0;1.0;1.4960264830861911
2.5;1.0;3.0;0.0;1.0;0.0;0.0;4.0;0.0;0.0;False;2.0;4.0;1.0;1.0;1.7320508075688772
1.5;1.0;3.0;0.0;1.0;0.0;0.0;3.0;0.0;0.0;False;1.3333333333333333;2.0;1.0;1.0;0.5773502691896257
1.5;1.0;15.0;0.0;1.0;0.0;1.0;17.0;0.0;0.0;False;1.3333333333333333;3.0;1.0;1.0;0.6172133998483675
0.0;0.0;0.0;0.0;0.0;0.0;1.0;10.0;0.0;0.0;False;0.0;0.0;0.0;1.0;0.0
2.0;1.0;11.0;0.0;2.0;0.0;1.0;10.0;0.0;0.0;False;1.7272727272727273;3.0;1.0;1.0;0.7862453931068965
1.75;1.25;2.0;0.0;1.5;0.0;0.0;2.0;0.0;0.0;True;1.5;2.0;1.0;1.0;0.7071067811865476
1.25;1.0;8.0;0.0;1.0;0.0;2.0;9.0;0.0;0.0;False;1.5;4.0;1.0;1.0;1.0690449676496976
2.0;1.0;4.0;0.0;1.5;0.0;0.0;5.0;0.0;0.0;False;1.5;2.0;1.0;1.0;0.5773502691896257
1.0;1.0;1.0;0.0;1.0;0.0;1.0;3.0;0.0;0.0;False;1.0;1.0;1.0;1.0;0.0
1.0;1.0;1.0;0.0;1.0;0.0;1.0;3.0;0.0;0.0;False;1.0;1.0;1.0;1.0;0.0
1.5;1.0;3.0;0.0;1.0;0.0;1.0;3.0;0.0;0.0;False;1.3333333333333333;2.0;1.0;1.0;0.5773502691896257
1.5;1.0;15.0;0.0;1.0;0.0;2.0;9.0;0.0;0.0;False;1.4;4.0;1.0;1.0;0.828078671210825
1.0;1.0;5.0;0.0;1.0;0.0;0.0;7.0;0.0;0.0;False;1.2;2.0;1.0;1.0;0.4472135954999579
1.0;1.0;3.0;0.0;1.0;0.0;0.0;2.0;0.0;0.0;False;1.0;1.0;1.0;1.0;0.0
1.0;1.0;9.0;0.0;1.0;0.0;0.0;11.0;0.0;0.0;True;1.1111111111111112;2.0;1.0;1.0;0.33333333333333337
1.0;1.0;1.0;0.0;1.0;0.0;0.0;11.0;0.0;0.0;True;1.0;1.0;1.0;1.0;0.0
1.0;1.0;3.0;0.0;1.0;0.0;0.0;2.0;0.0;0.0;False;1.0;1.0;1.0;1.0;0.0
2.0;1.0;31.0;0.0;1.0;0.0;1.0;30.0;0.0;0.0;True;1.7419354838709675;6.0;1.0;1.0;1.2101719419290211
1.0;1.0;2.0;0.0;1.0;0.0;0.0;1.0;0.0;0.0;True;1.0;1.0;1.0;1.0;0.0
1.0;1.0;10.0;0.0;1.0;0.0;5.0;16.0;0.0;0.0;True;1.5;4.0;1.0;1.0;1.0801234497346437
1.0;1.0;1.0;0.0;1.0;0.0;2.0;45.0;0.0;0.0;True;1.0;1.0;1.0;1.0;0.0
2.0;1.0;25.0;0.0;1.0;0.0;2.0;45.0;0.0;0.0;True;2.16;8.0;1.0;1.0;2.2487033300697243
1.0;1.0;4.0;0.0;1.0;0.0;0.0;3.0;0.0;0.0;True;1.0;1.0;1.0;1.0;0.0
3.0;1.0;41.0;0.0;1.0;0.0;29.0;91.0;0.0;0.0;True;2.4390243902439024;10.0;1.0;1.0;2.3135338822654496
2.5;1.5;2.0;0.0;2.0;0.0;29.0;91.0;0.0;0.0;True;2.0;3.0;1.0;1.0;1.4142135623730951
1.75;1.25;2.0;0.0;1.5;0.0;19.0;45.0;0.0;0.0;True;1.5;2.0;1.0;1.0;0.7071067811865476
3.0;1.0;25.0;0.0;1.0;0.0;19.0;45.0;0.0;0.0;True;2.08;7.0;1.0;1.0;1.5790292376436017
0.0;0.0;0.0;0.0;0.0;0.0;19.0;45.0;0.0;0.0;True;0.0;0.0;0.0;1.0;0.0
1.0;1.0;3.0;0.0;1.0;0.0;19.0;45.0;0.0;0.0;True;1.0;1.0;1.0;1.0;0.0
0.0;0.0;0.0;0.0;0.0;0.0;19.0;45.0;0.0;0.0;True;0.0;0.0;0.0;1.0;0.0
1.5;1.0;3.0;0.0;1.0;0.0;2.0;4.0;0.0;0.0;False;1.3333333333333333;2.0;1.0;1.0;0.5773502691896257
1.75;1.25;2.0;0.0;1.5;0.0;1.0;13.0;0.0;0.0;True;1.5;2.0;1.0;1.0;0.7071067811865476
3.0;1.25;6.0;0.0;2.5;0.0;5.0;13.0;0.0;0.0;True;2.1666666666666665;3.0;1.0;1.0;0.983192080250175
0.0;0.0;0.0;0.0;0.0;0.0;6.0;34.0;0.0;0.0;True;0.0;0.0;0.0;1.0;0.0
6.0;1.0;9.0;0.0;5.0;0.0;6.0;34.0;0.0;0.0;True;4.777777777777779;14.0;1.0;1.0;4.116363011742823
2.75;1.0;34.0;0.0;1.0;0.0;31.0;107.0;0.0;0.0;True;3.3235294117647056;22.0;1.0;1.0;4.784574888403889
1.0;1.0;2.0;0.0;1.0;0.0;10.0;32.0;0.0;0.0;True;1.0;1.0;1.0;1.0;0.0
2.0;1.0;18.0;0.0;1.0;0.0;10.0;32.0;0.0;0.0;True;2.0;8.0;1.0;1.0;1.8470962903655976
1.0;1.0;7.0;0.0;1.0;0.0;5.0;9.0;0.0;0.0;False;1.0;1.0;1.0;1.0;0.0
2.0;1.0;8.0;0.0;1.0;0.0;1.0;5.0;0.0;0.0;False;1.375;2.0;1.0;1.0;0.5175491695067657
2.0;1.0;3.0;0.0;1.0;0.0;0.0;6.0;0.0;0.0;False;1.6666666666666667;3.0;1.0;1.0;1.1547005383792517
1.0;1.0;9.0;0.0;1.0;0.0;1.0;18.0;0.0;0.0;False;1.2222222222222223;2.0;1.0;1.0;0.4409585518440984
1.25;1.0;4.0;0.0;1.0;0.0;1.0;18.0;0.0;0.0;False;1.25;2.0;1.0;1.0;0.5
0.0;0.0;0.0;0.0;0.0;0.0;0.0;0.0;0.0;0.0;False;0.0;0.0;0.0;0.0;0.0
1.0;1.0;10.0;0.0;1.0;0.0;3.0;9.0;0.0;0.0;False;1.0;1.0;1.0;1.0;0.0
2.0;1.0;12.0;0.0;1.0;0.0;2.0;16.0;0.0;0.0;True;1.8333333333333333;5.0;1.0;1.0;1.337115846843043
3.5;1.75;4.0;0.0;2.0;0.0;4.0;11.0;0.0;0.0;True;3.25;8.0;1.0;1.0;3.2015621187164243
0.0;0.0;0.0;0.0;0.0;0.0;0.0;0.0;0.0;0.0;False;0.0;0.0;0.0;0.0;0.0
1.0;1.0;1.0;0.0;1.0;0.0;0.0;1.0;0.0;0.0;False;1.0;1.0;1.0;1.0;0.0
1.0;1.0;5.0;0.0;1.0;0.0;1.0;6.0;0.0;0.0;False;1.0;1.0;1.0;1.0;0.0
1.0;1.0;14.0;0.0;1.0;0.0;9.0;17.0;0.0;0.0;False;1.1428571428571428;3.0;1.0;1.0;0.5345224838248488
2.0;1.0;10.0;0.0;1.5;0.0;4.0;18.0;0.0;0.0;True;2.3;8.0;1.0;1.0;2.213594362117865
1.0;1.0;3.0;0.0;1.0;0.0;0.0;3.0;0.0;0.0;False;1.0;1.0;1.0;1.0;0.0
2.0;1.0;25.0;0.0;1.0;0.0;9.0;37.0;0.0;0.0;True;1.84;8.0;1.0;1.0;1.7243356208503415
1.0;1.0;12.0;0.0;1.0;0.0;2.0;12.0;0.0;0.0;False;1.0;1.0;1.0;1.0;0.0
1.5;1.0;3.0;0.0;1.0;0.0;1.0;2.0;0.0;0.0;False;1.3333333333333333;2.0;1.0;1.0;0.5773502691896257
1.0;1.0;2.0;0.0;1.0;0.0;1.0;2.0;0.0;0.0;False;1.0;1.0;1.0;1.0;0.0
1.0;1.0;2.0;0.0;1.0;0.0;0.0;3.0;0.0;0.0;True;1.0;1.0;1.0;1.0;0.0
0.0;0.0;0.0;0.0;0.0;0.0;0.0;0.0;0.0;0.0;False;0.0;0.0;0.0;0.0;0.0
1.0;1.0;1.0;0.0;1.0;0.0;0.0;2.0;0.0;0.0;False;1.0;1.0;1.0;1.0;0.0
1.0;1.0;13.0;0.0;1.0;0.0;0.0;8.0;0.0;0.0;True;1.6153846153846154;8.0;1.0;1.0;1.9381460874790264
1.0;1.0;2.0;0.0;1.0;0.0;0.0;2.0;0.0;0.0;False;1.0;1.0;1.0;1.0;0.0
1.0;1.0;4.0;0.0;1.0;0.0;2.0;5.0;0.0;0.0;True;1.0;1.0;1.0;1.0;0.0
1.0;1.0;1.0;0.0;1.0;0.0;0.0;2.0;0.0;0.0;False;1.0;1.0;1.0;1.0;0.0
2.0;1.0;9.0;0.0;1.0;0.0;3.0;13.0;0.0;0.0;False;1.7777777777777777;6.0;1.0;1.0;1.6414763002993509
1.5;1.0;3.0;0.0;1.0;0.0;0.0;5.0;0.0;0.0;False;1.3333333333333333;2.0;1.0;1.0;0.5773502691896257
0.0;0.0;0.0;0.0;0.0;0.0;0.0;0.0;0.0;0.0;True;0.0;0.0;0.0;0.0;0.0
0.0;0.0;0.0;0.0;0.0;0.0;0.0;0.0;0.0;0.0;True;0.0;0.0;0.0;0.0;0.0
2.0;2.0;1.0;0.0;2.0;0.0;1.0;3.0;0.0;0.0;False;2.0;2.0;2.0;1.0;0.0
3.25;1.75;2.0;0.0;2.5;0.0;1.0;5.0;0.0;0.0;False;2.5;4.0;1.0;1.0;2.1213203435596424
1.0;1.0;4.0;0.0;1.0;0.0;4.0;6.0;0.0;0.0;False;1.0;1.0;1.0;1.0;0.0
0.0;0.0;0.0;0.0;0.0;0.0;0.0;0.0;0.0;0.0;False;0.0;0.0;0.0;0.0;0.0
1.5;1.0;8.0;0.0;1.0;0.0;4.0;13.0;0.0;0.0;True;1.875;6.0;1.0;1.0;1.807721533549109
4.75;2.25;2.0;0.0;3.5;0.0;2.0;10.0;0.0;0.0;False;3.5;6.0;1.0;1.0;3.5355339059327378
3.0;3.0;1.0;0.0;3.0;0.0;0.0;4.0;0.0;0.0;True;3.0;3.0;3.0;1.0;0.0
2.0;1.0;3.0;0.0;1.0;0.0;2.0;6.0;0.0;0.0;True;1.6666666666666667;3.0;1.0;1.0;1.1547005383792517
3.0;1.0;33.0;0.0;1.0;0.0;10.0;71.0;0.0;0.0;True;2.515151515151515;17.0;1.0;1.0;3.606601691007167
2.0;1.0;17.0;0.0;1.0;0.0;8.0;48.0;0.0;0.0;True;2.647058823529412;19.0;1.0;1.0;4.343690488377772
1.0;1.0;1.0;0.0;1.0;0.0;8.0;48.0;0.0;0.0;True;1.0;1.0;1.0;1.0;0.0
2.0;1.0;9.0;0.0;1.0;0.0;8.0;30.0;0.0;0.0;True;2.4444444444444446;11.0;1.0;1.0;3.2829526005987018
1.0;1.0;5.0;0.0;1.0;0.0;5.0;6.0;0.0;0.0;False;1.0;1.0;1.0;1.0;0.0
1.0;1.0;2.0;0.0;1.0;0.0;0.0;3.0;0.0;0.0;False;1.0;1.0;1.0;1.0;0.0
3.0;1.0;8.0;0.0;1.5;0.0;6.0;16.0;0.0;0.0;False;1.875;3.0;1.0;1.0;0.9910312089651148
2.0;1.5;3.0;0.0;2.0;0.0;2.0;6.0;0.0;0.0;False;1.6666666666666667;2.0;1.0;1.0;0.5773502691896257
1.0;1.0;4.0;0.0;1.0;0.0;0.0;2.0;0.0;0.0;False;1.0;1.0;1.0;1.0;0.0
0.0;0.0;0.0;0.0;0.0;0.0;0.0;0.0;0.0;0.0;True;0.0;0.0;0.0;0.0;0.0
1.0;1.0;2.0;0.0;1.0;0.0;1.0;2.0;0.0;0.0;False;1.0;1.0;1.0;1.0;0.0
1.5;1.0;3.0;0.0;1.0;0.0;1.0;4.0;0.0;0.0;False;1.3333333333333333;2.0;1.0;1.0;0.5773502691896257
3.0;1.0;9.0;0.0;1.0;0.0;4.0;19.0;0.0;0.0;False;2.1111111111111107;5.0;1.0;1.0;1.763834207376394
2.5;1.0;10.0;0.0;1.0;0.0;2.0;30.0;0.0;0.0;False;3.4;20.0;1.0;1.0;5.9292120518291105
1.0;1.0;12.0;0.0;1.0;0.0;4.0;12.0;0.0;0.0;False;1.0833333333333333;2.0;1.0;1.0;0.2886751345948129
2.0;1.0;7.0;0.0;1.0;0.0;2.0;8.0;0.0;0.0;True;1.7142857142857142;4.0;1.0;1.0;1.2535663410560174
0.0;0.0;0.0;0.0;0.0;0.0;0.0;0.0;0.0;0.0;False;0.0;0.0;0.0;0.0;0.0
0.0;0.0;0.0;0.0;0.0;0.0;0.0;0.0;0.0;0.0;False;0.0;0.0;0.0;0.0;0.0
0.0;0.0;0.0;0.0;0.0;0.0;0.0;0.0;0.0;0.0;False;0.0;0.0;0.0;0.0;0.0
1.0;1.0;18.0;0.0;1.0;0.0;5.0;23.0;0.0;0.0;True;1.7777777777777777;6.0;1.0;1.0;1.6647047275914606
0.0;0.0;0.0;0.0;0.0;0.0;5.0;23.0;0.0;0.0;True;0.0;0.0;0.0;1.0;0.0
1.0;1.0;3.0;0.0;1.0;0.0;2.0;4.0;0.0;0.0;False;1.0;1.0;1.0;1.0;0.0
1.0;1.0;15.0;0.0;1.0;0.0;7.0;20.0;0.0;0.0;True;1.2666666666666666;3.0;1.0;1.0;0.7037315505489968
2.5;1.0;4.0;0.0;1.0;0.0;7.0;20.0;0.0;0.0;True;2.5;7.0;1.0;1.0;3.0
2.5;1.0;3.0;0.0;1.0;0.0;4.0;11.0;0.0;0.0;False;2.0;4.0;1.0;1.0;1.7320508075688772
1.0;1.0;9.0;0.0;1.0;0.0;4.0;11.0;0.0;0.0;False;1.1111111111111112;2.0;1.0;1.0;0.33333333333333337
2.0;1.0;16.0;0.0;1.0;0.0;9.0;26.0;0.0;0.0;True;2.0;8.0;1.0;1.0;1.932183566158592
1.0;1.0;6.0;0.0;1.0;0.0;9.0;26.0;0.0;0.0;True;1.1666666666666667;2.0;1.0;1.0;0.40824829046386296
1.0;1.0;1.0;0.0;1.0;0.0;2.0;33.0;0.0;0.0;True;1.0;1.0;1.0;1.0;0.0
3.0;1.0;16.0;0.0;1.5;0.0;2.0;33.0;0.0;0.0;True;2.375;10.0;1.0;1.0;2.305789814069501
1.0;1.0;2.0;0.0;1.0;0.0;1.0;2.0;0.0;0.0;False;1.0;1.0;1.0;1.0;0.0
1.0;1.0;1.0;0.0;1.0;0.0;3.0;21.0;0.0;0.0;True;1.0;1.0;1.0;1.0;0.0
1.0;1.0;10.0;0.0;1.0;0.0;3.0;21.0;0.0;0.0;True;1.2;3.0;1.0;1.0;0.6324555320336759
0.0;0.0;0.0;0.0;0.0;0.0;3.0;21.0;0.0;0.0;True;0.0;0.0;0.0;1.0;0.0
1.0;1.0;2.0;0.0;1.0;0.0;3.0;21.0;0.0;0.0;True;1.0;1.0;1.0;1.0;0.0
2.0;1.0;25.0;0.0;1.0;0.0;3.0;21.0;0.0;0.0;True;2.04;11.0;1.0;1.0;2.2818121453499773
0.0;0.0;0.0;0.0;0.0;0.0;3.0;21.0;0.0;0.0;True;0.0;0.0;0.0;1.0;0.0
1.0;1.0;3.0;0.0;1.0;0.0;3.0;21.0;0.0;0.0;True;1.0;1.0;1.0;1.0;0.0
1.0;1.0;1.0;0.0;1.0;0.0;3.0;21.0;0.0;0.0;True;1.0;1.0;1.0;1.0;0.0
2.0;1.0;5.0;0.0;1.0;0.0;3.0;21.0;0.0;0.0;True;1.4;2.0;1.0;1.0;0.5477225575051661
1.0;1.0;1.0;0.0;1.0;0.0;3.0;21.0;0.0;0.0;True;1.0;1.0;1.0;1.0;0.0
0.0;0.0;0.0;0.0;0.0;0.0;3.0;21.0;0.0;0.0;True;0.0;0.0;0.0;1.0;0.0
1.0;1.0;1.0;0.0;1.0;0.0;3.0;21.0;0.0;0.0;True;1.0;1.0;1.0;1.0;0.0
1.0;1.0;2.0;0.0;1.0;0.0;3.0;21.0;0.0;0.0;True;1.0;1.0;1.0;1.0;0.0
1.0;1.0;3.0;0.0;1.0;0.0;3.0;21.0;0.0;0.0;True;1.0;1.0;1.0;1.0;0.0
1.0;1.0;1.0;0.0;1.0;0.0;3.0;21.0;0.0;0.0;True;1.0;1.0;1.0;1.0;0.0
1.0;1.0;1.0;0.0;1.0;0.0;0.0;2.0;0.0;0.0;False;1.0;1.0;1.0;1.0;0.0
1.0;1.0;4.0;0.0;1.0;0.0;2.0;5.0;0.0;0.0;False;1.0;1.0;1.0;1.0;0.0
1.0;1.0;4.0;0.0;1.0;0.0;3.0;5.0;0.0;0.0;False;1.0;1.0;1.0;1.0;0.0
2.0;1.0;3.0;0.0;1.0;0.0;1.0;4.0;0.0;0.0;True;1.6666666666666667;3.0;1.0;1.0;1.1547005383792517
1.25;1.0;4.0;0.0;1.0;0.0;1.0;4.0;0.0;0.0;False;1.25;2.0;1.0;1.0;0.5
1.25;1.0;8.0;0.0;1.0;0.0;3.0;13.0;0.0;0.0;True;1.375;3.0;1.0;1.0;0.7440238091428449
1.0;1.0;8.0;0.0;1.0;0.0;1.0;10.0;0.0;0.0;False;1.125;2.0;1.0;1.0;0.3535533905932738
1.0;1.0;9.0;0.0;1.0;0.0;4.0;12.0;0.0;0.0;False;1.2222222222222223;2.0;1.0;1.0;0.4409585518440984
5.0;1.0;36.0;0.0;1.0;0.0;22.0;130.0;0.0;0.0;True;4.333333333333333;36.0;1.0;1.0;7.155417527999327
1.5;1.0;4.0;0.0;1.0;0.0;0.0;8.0;0.0;0.0;True;1.5;3.0;1.0;1.0;1.0
3.0;1.0;5.0;0.0;2.0;0.0;0.0;27.0;0.0;0.0;True;4.4;15.0;1.0;1.0;5.9833101206606365
1.0;1.0;2.0;0.0;1.0;0.0;2.0;3.0;0.0;0.0;False;1.0;1.0;1.0;1.0;0.0
14.25;1.0;8.0;0.0;2.0;0.0;3.0;48.0;0.0;0.0;True;8.5;28.0;1.0;1.0;10.717142476292029
1.0;1.0;7.0;0.0;1.0;0.0;6.0;11.0;0.0;0.0;False;1.0;1.0;1.0;1.0;0.0
1.0;1.0;6.0;0.0;1.0;0.0;3.0;11.0;0.0;0.0;True;1.3333333333333333;3.0;1.0;1.0;0.8164965809277259
2.75;1.0;8.0;0.0;1.5;0.0;5.0;18.0;0.0;0.0;True;2.25;5.0;1.0;1.0;1.7525491637693282
2.0;2.0;5.0;0.0;2.0;0.0;2.0;10.0;0.0;0.0;False;2.8;7.0;1.0;1.0;2.3874672772626644
3.0;1.0;12.0;0.0;1.0;0.0;4.0;22.0;0.0;0.0;True;2.0;6.0;1.0;1.0;1.651445647689541
1.0;1.0;9.0;0.0;1.0;0.0;3.0;8.0;0.0;0.0;False;1.0;1.0;1.0;1.0;0.0
0.0;0.0;0.0;0.0;0.0;0.0;0.0;0.0;0.0;0.0;True;0.0;0.0;0.0;0.0;0.0
1.0;1.0;7.0;0.0;1.0;0.0;3.0;9.0;0.0;0.0;True;1.0;1.0;1.0;1.0;0.0
1.0;1.0;1.0;0.0;1.0;0.0;3.0;9.0;0.0;0.0;True;1.0;1.0;1.0;1.0;0.0
1.0;1.0;1.0;0.0;1.0;0.0;3.0;9.0;0.0;0.0;True;1.0;1.0;1.0;1.0;0.0
0.0;0.0;0.0;0.0;0.0;0.0;3.0;9.0;0.0;0.0;True;0.0;0.0;0.0;1.0;0.0
1.0;1.0;1.0;0.0;1.0;0.0;3.0;9.0;0.0;0.0;True;1.0;1.0;1.0;1.0;0.0
3.0;1.0;19.0;0.0;1.0;0.0;6.0;36.0;0.0;0.0;True;2.2105263157894743;7.0;1.0;1.0;1.6858544608470492
3.25;1.0;4.0;0.0;1.5;0.0;6.0;36.0;0.0;0.0;True;2.75;7.0;1.0;1.0;2.8722813232690143
1.75;1.25;2.0;0.0;1.5;0.0;6.0;36.0;0.0;0.0;True;1.5;2.0;1.0;1.0;0.7071067811865476
0.0;0.0;0.0;0.0;0.0;0.0;3.0;15.0;0.0;0.0;True;0.0;0.0;0.0;1.0;0.0
2.0;1.0;9.0;0.0;1.0;0.0;3.0;15.0;0.0;0.0;True;1.5555555555555556;3.0;1.0;1.0;0.8819171036881969
1.0;1.0;2.0;0.0;1.0;0.0;1.0;3.0;0.0;0.0;False;1.0;1.0;1.0;1.0;0.0
2.0;2.0;1.0;0.0;2.0;0.0;0.0;8.0;0.0;0.0;True;2.0;2.0;2.0;1.0;0.0
1.0;1.0;6.0;0.0;1.0;0.0;2.0;8.0;0.0;0.0;False;1.1666666666666667;2.0;1.0;1.0;0.40824829046386296
2.0;1.0;17.0;0.0;1.0;0.0;9.0;16.0;0.0;0.0;True;2.3529411764705883;16.0;1.0;1.0;3.639044800332023
1.75;1.25;2.0;0.0;1.5;0.0;1.0;4.0;0.0;0.0;False;1.5;2.0;1.0;1.0;0.7071067811865476
1.75;1.0;18.0;0.0;1.0;0.0;4.0;22.0;0.0;0.0;True;1.9444444444444444;11.0;1.0;1.0;2.412521800504297
2.0;1.0;14.0;0.0;1.5;0.0;2.0;23.0;0.0;0.0;False;1.5714285714285714;3.0;1.0;1.0;0.6462061726588642
1.25;1.0;4.0;0.0;1.0;0.0;1.0;8.0;0.0;0.0;True;1.25;2.0;1.0;1.0;0.5
2.0;1.0;5.0;0.0;1.0;0.0;1.0;9.0;0.0;0.0;False;1.4;2.0;1.0;1.0;0.5477225575051661
1.0;1.0;3.0;0.0;1.0;0.0;0.0;4.0;0.0;0.0;False;1.0;1.0;1.0;1.0;0.0
1.0;1.0;5.0;0.0;1.0;0.0;0.0;9.0;0.0;0.0;True;1.2;2.0;1.0;1.0;0.4472135954999579
1.0;1.0;2.0;0.0;1.0;0.0;1.0;4.0;0.0;0.0;False;1.0;1.0;1.0;1.0;0.0
1.0;1.0;2.0;0.0;1.0;0.0;1.0;4.0;0.0;0.0;False;1.0;1.0;1.0;1.0;0.0
1.5;1.0;4.0;0.0;1.0;0.0;0.0;7.0;0.0;0.0;False;1.5;3.0;1.0;1.0;1.0
1.0;1.0;1.0;0.0;1.0;0.0;0.0;4.0;0.0;0.0;True;1.0;1.0;1.0;1.0;0.0
1.0;1.0;1.0;0.0;1.0;0.0;0.0;4.0;0.0;0.0;True;1.0;1.0;1.0;1.0;0.0
1.0;1.0;1.0;0.0;1.0;0.0;0.0;4.0;0.0;0.0;True;1.0;1.0;1.0;1.0;0.0
2.75;2.25;2.0;0.0;2.5;0.0;0.0;7.0;0.0;0.0;True;2.5;3.0;2.0;1.0;0.7071067811865476
1.0;1.0;2.0;0.0;1.0;0.0;0.0;6.0;0.0;0.0;True;1.0;1.0;1.0;1.0;0.0
1.0;1.0;5.0;0.0;1.0;0.0;1.0;15.0;0.0;0.0;True;1.2;2.0;1.0;1.0;0.4472135954999579
1.0;1.0;2.0;0.0;1.0;0.0;0.0;6.0;0.0;0.0;True;1.0;1.0;1.0;1.0;0.0
1.0;1.0;2.0;0.0;1.0;0.0;0.0;6.0;0.0;0.0;True;1.0;1.0;1.0;1.0;0.0
2.5;2.0;3.0;0.0;2.0;0.0;0.0;10.0;0.0;0.0;True;2.333333333333333;3.0;2.0;1.0;0.5773502691896258
1.0;1.0;7.0;0.0;1.0;0.0;5.0;10.0;0.0;0.0;True;1.2857142857142858;3.0;1.0;1.0;0.7559289460184545
2.0;1.0;3.0;0.0;1.0;0.0;2.0;7.0;0.0;0.0;True;1.6666666666666667;3.0;1.0;1.0;1.1547005383792517
1.0;1.0;3.0;0.0;1.0;0.0;3.0;5.0;0.0;0.0;False;1.0;1.0;1.0;1.0;0.0
0.0;0.0;0.0;0.0;0.0;0.0;0.0;0.0;0.0;0.0;False;0.0;0.0;0.0;0.0;0.0
2.0;2.0;1.0;0.0;2.0;0.0;4.0;103.0;0.0;0.0;True;2.0;2.0;2.0;1.0;0.0
3.5;1.0;23.0;0.0;2.0;0.0;4.0;103.0;0.0;0.0;True;5.043478260869565;54.0;1.0;1.0;11.186348258112593
2.0;1.0;14.0;0.0;1.0;0.0;7.0;27.0;0.0;0.0;True;1.9285714285714288;5.0;1.0;1.0;1.384768001357057
1.0;1.0;4.0;0.0;1.0;0.0;4.0;5.0;0.0;0.0;False;1.0;1.0;1.0;1.0;0.0
1.0;1.0;5.0;0.0;1.0;0.0;5.0;6.0;0.0;0.0;False;1.0;1.0;1.0;1.0;0.0
1.0;1.0;3.0;0.0;1.0;0.0;1.0;4.0;0.0;0.0;False;1.0;1.0;1.0;1.0;0.0
1.0;1.0;7.0;0.0;1.0;0.0;3.0;8.0;0.0;0.0;False;1.0;1.0;1.0;1.0;0.0
0.0;0.0;0.0;0.0;0.0;0.0;2.0;7.0;0.0;0.0;False;0.0;0.0;0.0;1.0;0.0
1.0;1.0;6.0;0.0;1.0;0.0;2.0;7.0;0.0;0.0;False;1.5;4.0;1.0;1.0;1.224744871391589
1.0;1.0;12.0;0.0;1.0;0.0;5.0;22.0;0.0;0.0;True;2.0;12.0;1.0;1.0;3.1622776601683795
2.5;1.0;6.0;0.0;1.0;0.0;4.0;10.0;0.0;0.0;False;1.8333333333333333;4.0;1.0;1.0;1.3291601358251257
3.0;1.0;19.0;0.0;1.0;0.0;8.0;36.0;0.0;0.0;True;2.473684210526316;16.0;1.0;1.0;3.4216373769266206
3.5;1.0;6.0;0.0;1.5;0.0;8.0;36.0;0.0;0.0;True;2.833333333333333;8.0;1.0;1.0;2.7868739954771304
1.75;1.25;2.0;0.0;1.5;0.0;1.0;2.0;0.0;0.0;False;1.5;2.0;1.0;1.0;0.7071067811865476
3.5;1.0;24.0;0.0;2.0;0.0;7.0;67.0;0.0;0.0;False;2.833333333333333;10.0;1.0;1.0;2.6484887678869224
6.0;1.0;5.0;0.0;3.0;0.0;7.0;67.0;0.0;0.0;False;4.4;11.0;1.0;1.0;4.219004621945796
1.0;1.0;3.0;0.0;1.0;0.0;1.0;4.0;0.0;0.0;False;1.0;1.0;1.0;1.0;0.0
2.0;1.0;27.0;0.0;1.0;0.0;9.0;27.0;0.0;0.0;True;1.4814814814814814;4.0;1.0;1.0;0.8489980687832691
1.0;1.0;1.0;0.0;1.0;0.0;9.0;27.0;0.0;0.0;True;1.0;1.0;1.0;1.0;0.0
0.0;0.0;0.0;0.0;0.0;0.0;0.0;0.0;0.0;0.0;False;0.0;0.0;0.0;0.0;0.0
2.0;1.0;11.0;0.0;1.0;0.0;7.0;16.0;0.0;0.0;True;2.0;7.0;1.0;1.0;1.7888543819998317
2.5;1.0;8.0;0.0;1.0;0.0;1.0;16.0;0.0;0.0;True;2.625;8.0;1.0;1.0;3.020761493398643
3.25;2.75;4.0;0.0;3.0;0.0;4.0;13.0;0.0;0.0;True;3.0;4.0;2.0;1.0;0.8164965809277259
2.0;1.0;11.0;0.0;1.0;0.0;1.0;11.0;0.0;0.0;False;1.818181818181818;4.0;1.0;1.0;1.1677484162422844
1.0;1.0;2.0;0.0;1.0;0.0;2.0;3.0;0.0;0.0;False;1.0;1.0;1.0;1.0;0.0
0.0;0.0;0.0;0.0;0.0;0.0;0.0;0.0;0.0;0.0;False;0.0;0.0;0.0;0.0;0.0
0.0;0.0;0.0;0.0;0.0;0.0;0.0;0.0;0.0;0.0;False;0.0;0.0;0.0;0.0;0.0
0.0;0.0;0.0;0.0;0.0;0.0;0.0;0.0;0.0;0.0;False;0.0;0.0;0.0;0.0;0.0
1.0;1.0;5.0;0.0;1.0;0.0;5.0;6.0;0.0;0.0;False;1.0;1.0;1.0;1.0;0.0
1.0;1.0;2.0;0.0;1.0;0.0;2.0;3.0;0.0;0.0;False;1.0;1.0;1.0;1.0;0.0
0.0;0.0;0.0;0.0;0.0;0.0;0.0;0.0;0.0;0.0;False;0.0;0.0;0.0;0.0;0.0
0.0;0.0;0.0;0.0;0.0;0.0;0.0;0.0;0.0;0.0;False;0.0;0.0;0.0;0.0;0.0
1.0;1.0;2.0;0.0;1.0;0.0;2.0;3.0;0.0;0.0;False;1.0;1.0;1.0;1.0;0.0
0.0;0.0;0.0;0.0;0.0;0.0;0.0;0.0;0.0;0.0;False;0.0;0.0;0.0;0.0;0.0
1.0;1.0;1.0;0.0;1.0;0.0;1.0;2.0;0.0;0.0;False;1.0;1.0;1.0;1.0;0.0
1.0;1.0;2.0;0.0;1.0;0.0;2.0;3.0;0.0;0.0;False;1.0;1.0;1.0;1.0;0.0
0.0;0.0;0.0;0.0;0.0;0.0;0.0;0.0;0.0;0.0;False;0.0;0.0;0.0;0.0;0.0
0.0;0.0;0.0;0.0;0.0;0.0;0.0;3.0;0.0;0.0;False;0.0;0.0;0.0;1.0;0.0
1.0;1.0;3.0;0.0;1.0;0.0;0.0;3.0;0.0;0.0;False;1.0;1.0;1.0;1.0;0.0
1.0;1.0;2.0;0.0;1.0;0.0;2.0;3.0;0.0;0.0;False;1.0;1.0;1.0;1.0;0.0
0.0;0.0;0.0;0.0;0.0;0.0;0.0;0.0;0.0;0.0;False;0.0;0.0;0.0;0.0;0.0
1.0;1.0;2.0;0.0;1.0;0.0;0.0;1.0;0.0;0.0;False;1.0;1.0;1.0;1.0;0.0
1.0;1.0;8.0;0.0;1.0;0.0;3.0;6.0;0.0;0.0;False;1.125;2.0;1.0;1.0;0.3535533905932738
1.0;1.0;2.0;0.0;1.0;0.0;2.0;3.0;0.0;0.0;False;1.0;1.0;1.0;1.0;0.0
0.0;0.0;0.0;0.0;0.0;0.0;0.0;0.0;0.0;0.0;False;0.0;0.0;0.0;0.0;0.0
1.0;1.0;2.0;0.0;1.0;0.0;0.0;1.0;0.0;0.0;True;1.0;1.0;1.0;1.0;0.0
0.0;0.0;0.0;0.0;0.0;0.0;0.0;0.0;0.0;0.0;False;0.0;0.0;0.0;0.0;0.0
1.0;1.0;1.0;0.0;1.0;0.0;0.0;2.0;0.0;0.0;False;1.0;1.0;1.0;1.0;0.0
1.25;1.0;8.0;0.0;1.0;0.0;2.0;7.0;0.0;0.0;True;1.75;6.0;1.0;1.0;1.7525491637693282
2.0;1.0;9.0;0.0;1.0;0.0;0.0;9.0;0.0;0.0;True;1.7777777777777777;5.0;1.0;1.0;1.301708279317776
0.0;0.0;0.0;0.0;0.0;0.0;0.0;0.0;0.0;0.0;False;0.0;0.0;0.0;0.0;0.0
2.5;1.0;3.0;0.0;1.0;0.0;0.0;5.0;0.0;0.0;False;2.0;4.0;1.0;1.0;1.7320508075688772
0.0;0.0;0.0;0.0;0.0;0.0;0.0;6.0;0.0;0.0;True;0.0;0.0;0.0;1.0;0.0
3.0;1.25;6.0;0.0;2.5;0.0;0.0;6.0;0.0;0.0;True;2.1666666666666665;3.0;1.0;1.0;0.983192080250175
2.0;1.0;33.0;0.0;1.0;0.0;1.0;53.0;0.0;0.0;True;1.9090909090909087;10.0;1.0;1.0;1.8768929838238708
1.5;1.0;4.0;0.0;1.0;0.0;0.0;6.0;0.0;0.0;False;1.5;3.0;1.0;1.0;1.0
1.0;1.0;2.0;0.0;1.0;0.0;0.0;9.0;0.0;0.0;False;1.0;1.0;1.0;1.0;0.0
1.75;1.0;10.0;0.0;1.0;0.0;1.0;8.0;0.0;0.0;True;1.6;5.0;1.0;1.0;1.2649110640673518
4.0;2.5;3.0;0.0;3.0;0.0;0.0;14.0;0.0;0.0;False;3.333333333333333;5.0;2.0;1.0;1.5275252316519463
1.0;1.0;3.0;0.0;1.0;0.0;1.0;4.0;0.0;0.0;False;1.0;1.0;1.0;1.0;0.0
1.0;1.0;3.0;0.0;1.0;0.0;1.0;4.0;0.0;0.0;False;1.0;1.0;1.0;1.0;0.0
1.0;1.0;2.0;0.0;1.0;0.0;2.0;3.0;0.0;0.0;False;1.0;1.0;1.0;1.0;0.0
9.0;1.0;4.0;0.0;3.5;0.0;2.0;25.0;0.0;0.0;True;6.5;18.0;1.0;1.0;8.020806277010642
1.25;1.0;4.0;0.0;1.0;0.0;0.0;3.0;0.0;0.0;False;1.25;2.0;1.0;1.0;0.5
1.0;1.0;12.0;0.0;1.0;0.0;2.0;20.0;0.0;0.0;False;1.1666666666666667;2.0;1.0;1.0;0.3892494720807615
3.0;1.0;3.0;0.0;1.0;0.0;1.0;6.0;0.0;0.0;False;2.333333333333333;5.0;1.0;1.0;2.309401076758504
1.0;1.0;3.0;0.0;1.0;0.0;2.0;4.0;0.0;0.0;False;1.0;1.0;1.0;1.0;0.0
1.0;1.0;8.0;0.0;1.0;0.0;4.0;5.0;0.0;0.0;False;1.0;1.0;1.0;1.0;0.0
1.0;1.0;7.0;0.0;1.0;0.0;0.0;5.0;0.0;0.0;False;1.4285714285714286;4.0;1.0;1.0;1.1338934190276817
4.0;4.0;1.0;0.0;4.0;0.0;0.0;5.0;0.0;0.0;False;4.0;4.0;4.0;1.0;0.0
1.0;1.0;2.0;0.0;1.0;0.0;0.0;2.0;0.0;0.0;False;1.0;1.0;1.0;1.0;0.0
1.0;1.0;4.0;0.0;1.0;0.0;4.0;4.0;0.0;0.0;False;1.0;1.0;1.0;1.0;0.0
1.0;1.0;4.0;0.0;1.0;0.0;3.0;7.0;0.0;0.0;False;1.0;1.0;1.0;1.0;0.0
3.75;3.25;2.0;0.0;3.5;0.0;2.0;8.0;0.0;0.0;False;3.5;4.0;3.0;1.0;0.7071067811865476
2.0;1.0;3.0;0.0;1.0;0.0;0.0;3.0;0.0;0.0;False;1.6666666666666667;3.0;1.0;1.0;1.1547005383792517
4.75;2.25;2.0;0.0;3.5;0.0;1.0;9.0;0.0;0.0;False;3.5;6.0;1.0;1.0;3.5355339059327378
2.5;1.0;7.0;0.0;2.0;0.0;6.0;12.0;0.0;0.0;False;2.0;4.0;1.0;1.0;1.1547005383792517
1.0;1.0;7.0;0.0;1.0;0.0;1.0;9.0;0.0;0.0;False;1.4285714285714286;4.0;1.0;1.0;1.1338934190276817
4.25;1.0;4.0;0.0;1.5;0.0;2.0;14.0;0.0;0.0;False;3.75;11.0;1.0;1.0;4.856267428111155
1.0;1.0;1.0;0.0;1.0;0.0;1.0;2.0;0.0;0.0;False;1.0;1.0;1.0;1.0;0.0
1.0;1.0;1.0;0.0;1.0;0.0;1.0;3.0;0.0;0.0;False;1.0;1.0;1.0;1.0;0.0
1.0;1.0;7.0;0.0;1.0;0.0;7.0;53.0;0.0;0.0;True;4.571428571428571;26.0;1.0;1.0;9.449111825230679
2.75;1.25;6.0;0.0;2.0;0.0;3.0;9.0;0.0;0.0;False;2.1666666666666665;4.0;1.0;1.0;1.1690451944500122
1.0;1.0;5.0;0.0;1.0;0.0;5.0;7.0;0.0;0.0;False;1.6;4.0;1.0;1.0;1.3416407864998738
2.0;1.0;3.0;0.0;1.0;0.0;0.0;2.0;0.0;0.0;True;1.6666666666666667;3.0;1.0;1.0;1.1547005383792517
2.75;2.0;6.0;0.0;2.0;0.0;6.0;16.0;0.0;0.0;True;2.833333333333333;7.0;1.0;1.0;2.1369760566432805
1.75;1.0;8.0;0.0;1.0;0.0;8.0;15.0;0.0;0.0;False;1.75;4.0;1.0;1.0;1.3887301496588271
2.5;1.0;4.0;0.0;1.5;0.0;2.0;3.0;0.0;0.0;False;2.0;4.0;1.0;1.0;1.4142135623730951
0.0;0.0;0.0;0.0;0.0;0.0;2.0;3.0;0.0;0.0;False;0.0;0.0;0.0;1.0;0.0
1.0;1.0;1.0;0.0;1.0;0.0;1.0;2.0;0.0;0.0;False;1.0;1.0;1.0;1.0;0.0
1.0;1.0;1.0;0.0;1.0;0.0;1.0;2.0;0.0;0.0;False;1.0;1.0;1.0;1.0;0.0
1.0;1.0;21.0;0.0;1.0;0.0;0.0;0.0;0.0;0.0;True;1.238095238095238;3.0;1.0;0.0;0.6248809410409238
2.75;2.25;2.0;0.0;2.5;0.0;0.0;0.0;0.0;0.0;False;2.5;3.0;2.0;0.0;0.7071067811865476
1.75;1.0;14.0;0.0;1.0;0.0;0.0;0.0;0.0;0.0;True;1.6428571428571428;5.0;1.0;0.0;1.2157392722216298
2.75;1.0;4.0;0.0;1.5;0.0;0.0;0.0;0.0;0.0;True;2.25;5.0;1.0;0.0;1.8929694486000912
4.0;1.0;5.0;0.0;3.0;0.0;0.0;0.0;0.0;0.0;True;2.6;4.0;1.0;0.0;1.5165750888103102
2.0;1.5;3.0;0.0;2.0;0.0;0.0;0.0;0.0;0.0;False;1.6666666666666667;2.0;1.0;0.0;0.5773502691896257
4.0;4.0;1.0;0.0;4.0;0.0;0.0;0.0;0.0;0.0;False;4.0;4.0;4.0;0.0;0.0
6.0;6.0;1.0;0.0;6.0;0.0;0.0;0.0;0.0;0.0;False;6.0;6.0;6.0;0.0;0.0
2.0;2.0;1.0;0.0;2.0;0.0;0.0;0.0;0.0;0.0;False;2.0;2.0;2.0;0.0;0.0
1.0;1.0;1.0;0.0;1.0;0.0;0.0;0.0;0.0;0.0;False;1.0;1.0;1.0;0.0;0.0
2.0;2.0;1.0;0.0;2.0;0.0;0.0;0.0;0.0;0.0;False;2.0;2.0;2.0;0.0;0.0
1.75;1.25;2.0;0.0;1.5;0.0;0.0;0.0;0.0;0.0;False;1.5;2.0;1.0;0.0;0.7071067811865476
3.0;3.0;1.0;0.0;3.0;0.0;0.0;0.0;0.0;0.0;False;3.0;3.0;3.0;0.0;0.0
2.0;1.5;3.0;0.0;2.0;0.0;0.0;0.0;0.0;0.0;False;1.6666666666666667;2.0;1.0;0.0;0.5773502691896257
1.75;1.0;10.0;0.0;1.0;0.0;0.0;0.0;0.0;0.0;True;1.3;2.0;1.0;0.0;0.483045891539648
2.0;1.0;3.0;0.0;1.0;0.0;0.0;0.0;0.0;0.0;False;1.6666666666666667;3.0;1.0;0.0;1.1547005383792517
3.25;1.75;2.0;0.0;2.5;0.0;0.0;0.0;0.0;0.0;False;2.5;4.0;1.0;0.0;2.1213203435596424
2.0;2.0;1.0;0.0;2.0;0.0;0.0;0.0;0.0;0.0;True;2.0;2.0;2.0;0.0;0.0
3.75;3.25;2.0;0.0;3.5;0.0;0.0;0.0;0.0;0.0;True;3.5;4.0;3.0;0.0;0.7071067811865476
1.0;1.0;1.0;0.0;1.0;0.0;0.0;0.0;0.0;0.0;False;1.0;1.0;1.0;0.0;0.0
3.0;3.0;1.0;0.0;3.0;0.0;0.0;0.0;0.0;0.0;False;3.0;3.0;3.0;0.0;0.0
3.0;3.0;1.0;0.0;3.0;0.0;0.0;0.0;0.0;0.0;True;3.0;3.0;3.0;0.0;0.0
1.0;1.0;1.0;0.0;1.0;0.0;0.0;0.0;0.0;0.0;True;1.0;1.0;1.0;0.0;0.0
1.5;1.0;3.0;0.0;1.0;0.0;0.0;0.0;0.0;0.0;False;1.3333333333333333;2.0;1.0;0.0;0.5773502691896257
1.0;1.0;5.0;0.0;1.0;0.0;0.0;0.0;0.0;0.0;True;1.6;4.0;1.0;0.0;1.3416407864998738
1.0;1.0;3.0;0.0;1.0;0.0;0.0;0.0;0.0;0.0;False;1.0;1.0;1.0;0.0;0.0
2.0;1.0;5.0;0.0;1.0;0.0;0.0;0.0;0.0;0.0;False;1.4;2.0;1.0;0.0;0.5477225575051661
1.0;1.0;4.0;0.0;1.0;0.0;0.0;0.0;0.0;0.0;False;1.0;1.0;1.0;0.0;0.0
1.0;1.0;1.0;0.0;1.0;0.0;0.0;0.0;0.0;0.0;False;1.0;1.0;1.0;0.0;0.0
1.75;1.0;14.0;0.0;1.0;0.0;0.0;0.0;0.0;0.0;True;1.4285714285714286;3.0;1.0;0.0;0.7559289460184544
5.0;2.0;9.0;0.0;4.0;0.0;0.0;0.0;0.0;0.0;True;3.6666666666666665;7.0;1.0;0.0;2.0
1.5;1.0;3.0;0.0;1.0;0.0;0.0;0.0;0.0;0.0;True;1.3333333333333333;2.0;1.0;0.0;0.5773502691896257
1.0;1.0;4.0;0.0;1.0;0.0;0.0;0.0;0.0;0.0;True;1.0;1.0;1.0;0.0;0.0
2.0;2.0;4.0;0.0;2.0;0.0;0.0;0.0;0.0;0.0;False;2.0;2.0;2.0;0.0;0.0
3.0;1.0;7.0;0.0;2.0;0.0;0.0;0.0;0.0;0.0;True;2.142857142857143;4.0;1.0;0.0;1.3451854182690983
1.0;1.0;1.0;0.0;1.0;0.0;0.0;0.0;0.0;0.0;False;1.0;1.0;1.0;0.0;0.0
1.0;1.0;1.0;0.0;1.0;0.0;0.0;0.0;0.0;0.0;False;1.0;1.0;1.0;0.0;0.0
2.0;2.0;1.0;0.0;2.0;0.0;0.0;0.0;0.0;0.0;False;2.0;2.0;2.0;0.0;0.0
1.0;1.0;1.0;0.0;1.0;0.0;0.0;0.0;0.0;0.0;True;1.0;1.0;1.0;0.0;0.0
1.0;1.0;39.0;0.0;1.0;0.0;0.0;0.0;0.0;0.0;True;1.1282051282051282;3.0;1.0;0.0;0.4690128030733208
1.0;1.0;17.0;0.0;1.0;0.0;0.0;0.0;0.0;0.0;True;1.0;1.0;1.0;0.0;0.0
1.75;1.25;2.0;0.0;1.5;0.0;0.0;0.0;0.0;0.0;True;1.5;2.0;1.0;0.0;0.7071067811865476
1.0;1.0;2.0;0.0;1.0;0.0;0.0;0.0;0.0;0.0;True;1.0;1.0;1.0;0.0;0.0
3.0;3.0;1.0;0.0;3.0;0.0;0.0;0.0;0.0;0.0;True;3.0;3.0;3.0;0.0;0.0
1.0;1.0;11.0;0.0;1.0;0.0;0.0;0.0;0.0;0.0;True;1.6363636363636365;8.0;1.0;0.0;2.1105794120443453
1.0;1.0;14.0;0.0;1.0;0.0;0.0;0.0;0.0;0.0;True;1.2142857142857142;3.0;1.0;0.0;0.5789342235218394
1.0;1.0;5.0;0.0;1.0;0.0;0.0;0.0;0.0;0.0;True;1.2;2.0;1.0;0.0;0.4472135954999579
1.0;1.0;16.0;0.0;1.0;0.0;0.0;0.0;0.0;0.0;True;1.25;4.0;1.0;0.0;0.7745966692414834
1.0;1.0;1.0;0.0;1.0;0.0;0.0;0.0;0.0;0.0;True;1.0;1.0;1.0;0.0;0.0
1.0;1.0;1.0;0.0;1.0;0.0;0.0;0.0;0.0;0.0;True;1.0;1.0;1.0;0.0;0.0
1.0;1.0;14.0;0.0;1.0;0.0;0.0;0.0;0.0;0.0;True;1.0714285714285714;2.0;1.0;0.0;0.26726124191242434
1.0;1.0;4.0;0.0;1.0;0.0;0.0;0.0;0.0;0.0;False;1.0;1.0;1.0;0.0;0.0
2.5;1.5;2.0;0.0;2.0;0.0;0.0;0.0;0.0;0.0;True;2.0;3.0;1.0;0.0;1.4142135623730951
1.0;1.0;6.0;0.0;1.0;0.0;0.0;0.0;0.0;0.0;False;1.0;1.0;1.0;0.0;0.0
1.0;1.0;2.0;0.0;1.0;0.0;0.0;0.0;0.0;0.0;False;1.0;1.0;1.0;0.0;0.0
2.0;1.0;3.0;0.0;1.0;0.0;0.0;0.0;0.0;0.0;False;1.6666666666666667;3.0;1.0;0.0;1.1547005383792517
1.0;1.0;6.0;0.0;1.0;0.0;0.0;0.0;0.0;0.0;True;1.0;1.0;1.0;0.0;0.0
1.0;1.0;7.0;0.0;1.0;0.0;0.0;0.0;0.0;0.0;True;1.1428571428571428;2.0;1.0;0.0;0.3779644730092273
1.0;1.0;3.0;0.0;1.0;0.0;0.0;0.0;0.0;0.0;False;1.0;1.0;1.0;0.0;0.0
2.5;1.75;4.0;0.0;2.0;0.0;0.0;6.0;0.0;0.0;False;2.25;4.0;1.0;1.0;1.2583057392117916
1.0;1.0;1.0;0.0;1.0;0.0;0.0;6.0;0.0;0.0;False;1.0;1.0;1.0;1.0;0.0
3.5;2.0;8.0;0.0;2.5;0.0;8.0;25.0;0.0;0.0;True;3.0;6.0;1.0;1.0;1.6903085094570331
0.0;0.0;0.0;0.0;0.0;0.0;0.0;0.0;0.0;0.0;False;0.0;0.0;0.0;0.0;0.0
3.5;2.5;2.0;0.0;3.0;0.0;2.0;5.0;0.0;0.0;False;3.0;4.0;2.0;1.0;1.4142135623730951
2.25;1.0;8.0;0.0;2.0;0.0;8.0;20.0;0.0;0.0;True;2.375;7.0;1.0;1.0;1.995530720671285
4.0;1.0;7.0;0.0;2.0;0.0;7.0;17.0;0.0;0.0;True;2.7142857142857144;6.0;1.0;1.0;1.976047040118708
1.0;1.0;2.0;0.0;1.0;0.0;2.0;2.0;0.0;0.0;False;1.0;1.0;1.0;1.0;0.0
3.0;2.0;5.0;0.0;3.0;0.0;2.0;12.0;0.0;0.0;False;2.8;5.0;1.0;1.0;1.4832396974191326
1.0;1.0;4.0;0.0;1.0;0.0;4.0;4.0;0.0;0.0;True;1.0;1.0;1.0;1.0;0.0
2.0;1.0;14.0;0.0;2.0;0.0;13.0;24.0;0.0;0.0;True;1.9285714285714288;4.0;1.0;1.0;1.071611705960535
5.0;1.0;6.0;0.0;3.0;0.0;6.0;22.0;0.0;0.0;True;4.333333333333333;13.0;1.0;1.0;4.676180777800049
0.0;0.0;0.0;0.0;0.0;0.0;0.0;0.0;0.0;0.0;False;0.0;0.0;0.0;0.0;0.0
1.0;1.0;1.0;0.0;1.0;0.0;1.0;4.0;0.0;0.0;True;1.0;1.0;1.0;1.0;0.0
3.0;1.5;3.0;0.0;2.0;0.0;3.0;6.0;0.0;0.0;False;2.333333333333333;4.0;1.0;1.0;1.5275252316519468
1.75;1.25;2.0;0.0;1.5;0.0;2.0;3.0;0.0;0.0;False;1.5;2.0;1.0;1.0;0.7071067811865476
1.0;1.0;3.0;0.0;1.0;0.0;3.0;3.0;0.0;0.0;False;1.0;1.0;1.0;1.0;0.0
4.0;2.0;3.0;0.0;3.0;0.0;3.0;9.0;0.0;0.0;False;3.0;5.0;1.0;1.0;2.0
2.0;1.5;3.0;0.0;2.0;0.0;3.0;5.0;0.0;0.0;False;1.6666666666666667;2.0;1.0;1.0;0.5773502691896257
2.5;1.0;3.0;0.0;1.0;0.0;3.0;4.0;0.0;0.0;False;2.0;4.0;1.0;1.0;1.7320508075688772
5.0;5.0;1.0;0.0;5.0;0.0;1.0;5.0;0.0;0.0;False;5.0;5.0;5.0;1.0;0.0
1.0;1.0;3.0;0.0;1.0;0.0;3.0;3.0;0.0;0.0;False;1.0;1.0;1.0;1.0;0.0
1.5;1.0;3.0;0.0;1.0;0.0;3.0;4.0;0.0;0.0;False;1.3333333333333333;2.0;1.0;1.0;0.5773502691896257
1.0;1.0;6.0;0.0;1.0;0.0;0.0;0.0;0.0;0.0;False;1.1666666666666667;2.0;1.0;0.0;0.40824829046386296
