ClTCi;NOL;Bugged;NOA;NSM;RTLOC;ClRCi;PMd;NPF;NOD;NSF;TLOC
0.0;0.0;False;0.0;0.0;0.0;0.0;0.0;0.0;0.0;0.0;0.0
37.0;0.0;False;0.0;0.0;111.0;1.947368421;9.0;0.0;0.0;0.0;59.0
7.0;0.0;False;0.0;0.0;17.0;3.5;0.0;0.0;0.0;0.0;8.0
8.0;0.0;False;0.0;0.0;21.0;2.666666667;1.0;0.0;0.0;0.0;11.0
2.0;0.0;False;0.0;0.0;17.0;0.666666667;3.0;0.0;0.0;0.0;11.0
2.0;0.0;False;0.0;0.0;7.0;2.0;1.0;0.0;0.0;0.0;5.0
3.0;0.0;False;0.0;0.0;9.0;3.0;0.0;0.0;0.0;0.0;5.0
2.0;0.0;False;0.0;0.0;8.0;2.0;1.0;0.0;0.0;0.0;5.0
3.0;0.0;False;0.0;0.0;22.0;1.5;1.0;0.0;0.0;0.0;8.0
10.0;0.0;False;0.0;0.0;37.0;1.666666667;4.0;0.0;0.0;0.0;20.0
3.0;0.0;False;0.0;0.0;22.0;0.75;3.0;0.0;0.0;0.0;14.0
4.0;0.0;False;0.0;0.0;21.0;1.0;3.0;0.0;0.0;0.0;14.0
8.0;0.0;False;0.0;0.0;26.0;2.0;3.0;0.0;0.0;0.0;14.0
12.0;0.0;False;0.0;0.0;50.0;2.0;3.0;0.0;0.0;0.0;20.0
2.0;0.0;False;0.0;0.0;17.0;0.666666667;3.0;0.0;0.0;0.0;11.0
2.0;0.0;False;0.0;0.0;16.0;0.666666667;3.0;0.0;0.0;0.0;11.0
3.0;0.0;False;0.0;0.0;17.0;1.5;1.0;0.0;0.0;0.0;8.0
13.0;0.0;False;0.0;0.0;69.0;2.6;1.0;0.0;0.0;0.0;17.0
5.0;0.0;False;0.0;0.0;24.0;1.666666667;1.0;0.0;0.0;0.0;11.0
1.0;0.0;False;0.0;0.0;7.0;1.0;1.0;0.0;0.0;0.0;5.0
18.0;0.0;False;0.0;0.0;87.0;1.058823529;17.0;0.0;0.0;0.0;53.0
26.0;0.0;False;0.0;0.0;102.0;1.3;20.0;0.0;0.0;0.0;62.0
0.0;0.0;False;0.0;0.0;0.0;0.0;0.0;0.0;0.0;0.0;0.0
0.0;0.0;False;0.0;0.0;0.0;0.0;0.0;0.0;0.0;0.0;0.0
0.0;0.0;False;0.0;0.0;0.0;0.0;0.0;0.0;0.0;0.0;0.0
1.0;0.0;False;0.0;0.0;12.0;0.5;1.0;0.0;0.0;0.0;7.0
7.5;0.0;False;0.0;2.0;116.0;1.5;4.0;0.0;0.0;2.0;81.0
0.0;0.0;False;0.0;0.0;0.0;0.0;0.0;0.0;0.0;0.0;0.0
13.0;0.0;False;0.0;0.0;79.0;3.25;0.0;0.0;0.0;3.0;45.0
30.0;0.0;False;0.0;0.0;244.0;2.307692308;4.0;0.0;0.0;5.0;173.0
30.0;0.0;False;0.0;0.0;244.0;2.307692308;4.0;0.0;0.0;5.0;173.0
30.0;0.0;False;0.0;0.0;244.0;2.307692308;4.0;0.0;0.0;5.0;173.0
4.0;0.0;False;0.0;0.0;13.0;2.0;2.0;0.0;0.0;0.0;8.0
15.0;0.0;False;0.0;0.0;62.0;1.875;0.0;0.0;0.0;0.0;43.0
60.5;0.0;False;0.0;1.0;525.0;2.240740741;5.0;0.0;0.0;10.0;321.0
60.5;0.0;False;0.0;1.0;525.0;2.240740741;5.0;0.0;0.0;10.0;321.0
17.0;0.0;False;0.0;0.0;157.0;2.125;3.0;0.0;0.0;2.0;124.0
13.5;0.0;False;0.0;1.0;299.0;1.6875;3.0;0.0;0.0;11.0;193.0
47.0;0.0;False;0.0;0.0;151.0;1.5161290319999998;0.0;0.0;0.0;0.0;33.0
2.0;0.0;False;0.0;0.0;14.0;1.0;2.0;0.0;0.0;1.0;9.0
3.0;0.0;False;0.0;0.0;5.0;3.0;0.0;0.0;0.0;0.0;3.0
29.75;0.0;False;0.0;3.0;168.0;3.3055555560000003;2.0;0.0;0.0;12.0;111.0
4.0;0.0;False;0.0;0.0;20.0;1.333333333;2.0;0.0;0.0;1.0;12.0
4.0;0.0;False;0.0;0.0;24.0;1.333333333;2.0;0.0;0.0;1.0;16.0
8.0;0.0;False;0.0;1.0;70.0;2.0;3.0;0.0;0.0;2.0;51.0
7.0;0.0;False;0.0;0.0;62.0;1.75;3.0;0.0;0.0;9.0;43.0
12.0;0.0;False;0.0;0.0;79.0;4.0;1.0;0.0;0.0;0.0;67.0
12.0;0.0;False;0.0;0.0;79.0;4.0;1.0;0.0;0.0;0.0;67.0
11.0;0.0;False;0.0;1.0;130.0;2.75;0.0;0.0;0.0;4.0;92.0
3.0;0.0;False;0.0;0.0;16.0;1.5;1.0;0.0;0.0;1.0;9.0
14.5;0.0;False;0.0;0.0;88.0;1.8125;2.0;0.0;0.0;6.0;61.0
5.0;0.0;False;0.0;0.0;27.0;1.666666667;0.0;0.0;0.0;0.0;5.0
7.0;0.0;False;0.0;1.0;57.0;2.333333333;2.0;0.0;0.0;0.0;27.0
26.0;0.0;False;0.0;0.0;333.0;2.6;0.0;0.0;0.0;6.0;269.0
26.0;0.0;False;0.0;0.0;333.0;2.6;0.0;0.0;0.0;6.0;269.0
26.0;0.0;False;0.0;0.0;333.0;2.6;0.0;0.0;0.0;6.0;269.0
5.0;0.0;False;0.0;0.0;12.0;2.5;1.0;0.0;0.0;0.0;9.0
8.0;0.0;False;0.0;0.0;54.0;2.0;2.0;0.0;0.0;3.0;35.0
6.0;0.0;False;0.0;0.0;49.0;1.5;2.0;0.0;0.0;5.0;33.0
5.0;0.0;False;0.0;0.0;46.0;1.666666667;3.0;0.0;0.0;1.0;32.0
4.0;0.0;False;0.0;0.0;20.0;1.333333333;2.0;0.0;0.0;1.0;12.0
3.0;0.0;False;0.0;0.0;16.0;1.5;1.0;0.0;0.0;1.0;9.0
1.0;0.0;False;0.0;0.0;11.0;1.0;1.0;0.0;0.0;1.0;6.0
0.0;0.0;False;0.0;0.0;0.0;0.0;0.0;0.0;0.0;0.0;0.0
0.0;0.0;False;0.0;0.0;0.0;0.0;0.0;0.0;0.0;0.0;0.0
0.0;0.0;False;0.0;0.0;0.0;0.0;0.0;0.0;0.0;0.0;0.0
0.0;0.0;False;0.0;0.0;0.0;0.0;0.0;0.0;0.0;0.0;0.0
0.0;0.0;False;0.0;0.0;0.0;0.0;0.0;0.0;0.0;0.0;0.0
0.0;0.0;False;0.0;0.0;0.0;0.0;0.0;0.0;0.0;0.0;0.0
0.0;0.0;False;0.0;0.0;0.0;0.0;0.0;0.0;0.0;0.0;0.0
0.0;0.0;False;0.0;0.0;0.0;0.0;0.0;0.0;0.0;0.0;0.0
0.0;0.0;False;0.0;0.0;0.0;0.0;0.0;0.0;0.0;0.0;0.0
0.0;0.0;False;0.0;0.0;0.0;0.0;0.0;0.0;0.0;0.0;0.0
0.0;0.0;False;0.0;0.0;0.0;0.0;0.0;0.0;0.0;0.0;0.0
0.0;0.0;False;0.0;0.0;0.0;0.0;0.0;0.0;0.0;0.0;0.0
0.0;0.0;False;0.0;0.0;0.0;0.0;0.0;0.0;0.0;0.0;0.0
0.0;0.0;False;0.0;0.0;0.0;0.0;0.0;0.0;0.0;0.0;0.0
0.0;0.0;False;0.0;0.0;0.0;0.0;0.0;0.0;0.0;0.0;0.0
0.0;0.0;False;0.0;0.0;0.0;0.0;0.0;0.0;0.0;0.0;0.0
15.0;0.0;False;0.0;3.0;60.0;2.5;2.0;0.0;0.0;1.0;46.0
2.0;0.0;False;0.0;0.0;8.0;2.0;1.0;0.0;0.0;0.0;5.0
0.0;0.0;False;0.0;0.0;0.0;0.0;0.0;0.0;0.0;0.0;0.0
9.0;0.0;False;0.0;0.0;59.0;3.0;2.0;0.0;0.0;0.0;64.0
2.0;0.0;False;0.0;0.0;8.0;2.0;1.0;0.0;0.0;0.0;5.0
0.0;0.0;False;0.0;0.0;0.0;0.0;0.0;0.0;0.0;0.0;0.0
0.0;0.0;False;0.0;0.0;0.0;0.0;0.0;0.0;0.0;0.0;0.0
0.0;0.0;False;0.0;0.0;0.0;0.0;0.0;0.0;0.0;0.0;0.0
7.0;0.0;False;0.0;0.0;7.0;3.5;0.0;0.0;0.0;0.0;4.0
2.0;0.0;False;0.0;0.0;5.0;2.0;0.0;0.0;0.0;0.0;3.0
0.0;0.0;False;0.0;0.0;0.0;0.0;0.0;0.0;0.0;0.0;0.0
3.0;0.0;False;0.0;2.0;33.0;1.5;1.0;0.0;0.0;2.0;28.0
35.0;0.0;False;0.0;7.0;145.0;2.692307692;3.0;0.0;0.0;0.0;123.0
0.0;0.0;False;0.0;0.0;0.0;0.0;0.0;0.0;0.0;0.0;0.0
11.0;0.0;False;0.0;1.0;38.0;2.75;2.0;0.0;0.0;0.0;36.0
2.0;0.0;False;0.0;0.0;8.0;2.0;1.0;0.0;0.0;0.0;5.0
11.0;0.0;False;0.0;1.0;30.0;2.75;2.0;0.0;0.0;2.0;21.0
4.0;0.0;False;0.0;1.0;27.0;1.333333333;3.0;0.0;0.0;2.0;21.0
0.0;0.0;False;0.0;0.0;0.0;0.0;0.0;0.0;0.0;0.0;0.0
0.0;0.0;False;0.0;0.0;0.0;0.0;0.0;0.0;0.0;0.0;0.0
0.0;0.0;False;0.0;0.0;0.0;0.0;0.0;0.0;0.0;0.0;0.0
0.0;0.0;False;0.0;0.0;0.0;0.0;0.0;0.0;0.0;0.0;0.0
0.0;0.0;False;0.0;0.0;0.0;0.0;0.0;0.0;0.0;0.0;0.0
2.0;0.0;False;0.0;1.0;20.0;2.0;1.0;0.0;0.0;1.0;16.0
23.5;0.0;False;0.0;3.0;131.0;2.136363636;2.0;0.0;0.0;1.0;134.0
0.0;0.0;False;0.0;0.0;0.0;0.0;0.0;0.0;0.0;0.0;0.0
0.0;0.0;False;0.0;0.0;0.0;0.0;0.0;0.0;0.0;0.0;0.0
0.0;0.0;False;0.0;0.0;0.0;0.0;0.0;0.0;0.0;0.0;0.0
0.0;0.0;False;0.0;0.0;0.0;0.0;0.0;0.0;0.0;0.0;0.0
0.0;0.0;False;0.0;0.0;0.0;0.0;0.0;0.0;0.0;0.0;0.0
0.0;0.0;False;0.0;0.0;0.0;0.0;0.0;0.0;0.0;0.0;0.0
12.0;0.0;False;0.0;0.0;122.0;2.0;5.0;0.0;0.0;4.0;80.0
6.0;0.0;False;0.0;0.0;51.0;1.2;4.0;0.0;0.0;1.0;34.0
8.0;0.0;False;0.0;0.0;64.0;1.333333333;4.0;0.0;0.0;1.0;43.0
21.25;0.0;False;0.0;0.0;89.0;3.035714286;5.0;0.0;0.0;2.0;68.0
9.0;0.0;False;0.0;0.0;20.0;1.5;0.0;0.0;0.0;0.0;8.0
6.0;0.0;False;0.0;0.0;13.0;1.2;0.0;0.0;0.0;0.0;7.0
11.0;0.0;False;0.0;0.0;46.0;1.833333333;0.0;0.0;0.0;0.0;8.0
16.0;0.0;False;0.0;0.0;34.0;1.0;0.0;0.0;0.0;0.0;18.0
10.0;0.0;False;0.0;3.0;80.0;1.666666667;3.0;4.0;0.0;5.0;64.0
8.0;0.0;False;0.0;0.0;16.0;1.142857143;0.0;0.0;0.0;0.0;9.0
2.0;0.0;False;0.0;1.0;19.0;2.0;1.0;0.0;0.0;0.0;18.0
6.0;0.0;False;0.0;0.0;66.0;1.5;4.0;0.0;0.0;3.0;44.0
25.25;0.0;False;0.0;0.0;193.0;1.942307692;7.0;0.0;0.0;2.0;94.0
25.25;0.0;False;0.0;0.0;193.0;1.942307692;7.0;0.0;0.0;2.0;94.0
7.0;0.0;False;0.0;0.0;43.0;1.166666667;6.0;0.0;0.0;0.0;31.0
13.0;0.0;False;0.0;0.0;66.0;1.857142857;7.0;0.0;0.0;1.0;49.0
18.0;0.0;False;0.0;0.0;103.0;1.058823529;17.0;0.0;0.0;0.0;61.0
8.5;0.0;False;0.0;0.0;71.0;1.214285714;7.0;0.0;0.0;1.0;52.0
7.0;0.0;False;0.0;0.0;120.0;1.4;0.0;0.0;0.0;3.0;62.0
9.0;0.0;False;0.0;0.0;105.0;1.5;5.0;0.0;0.0;2.0;86.0
0.0;0.0;False;0.0;0.0;0.0;0.0;0.0;0.0;0.0;0.0;0.0
15.0;0.0;False;0.0;4.0;69.0;3.75;3.0;0.0;0.0;0.0;60.0
4.0;0.0;False;0.0;2.0;72.0;2.0;2.0;0.0;0.0;1.0;58.0
0.0;0.0;False;0.0;0.0;0.0;0.0;0.0;0.0;0.0;0.0;0.0
5.5;0.0;False;0.0;0.0;101.0;1.375;0.0;0.0;0.0;2.0;44.0
5.5;0.0;False;0.0;0.0;77.0;1.375;0.0;0.0;0.0;0.0;36.0
2.0;0.0;False;0.0;0.0;19.0;2.0;1.0;0.0;0.0;0.0;11.0
7.0;0.0;False;0.0;0.0;22.0;1.166666667;0.0;0.0;0.0;0.0;8.0
0.0;0.0;False;0.0;0.0;0.0;0.0;0.0;0.0;0.0;0.0;0.0
0.0;0.0;False;0.0;0.0;0.0;0.0;0.0;0.0;0.0;0.0;0.0
0.0;0.0;False;0.0;0.0;0.0;0.0;0.0;0.0;0.0;0.0;0.0
0.0;0.0;False;0.0;0.0;0.0;0.0;0.0;0.0;0.0;0.0;0.0
0.0;0.0;False;0.0;0.0;0.0;0.0;0.0;0.0;0.0;0.0;0.0
0.0;0.0;False;0.0;0.0;0.0;0.0;0.0;0.0;0.0;0.0;0.0
0.0;0.0;False;0.0;0.0;0.0;0.0;0.0;0.0;0.0;0.0;0.0
0.0;0.0;False;0.0;0.0;0.0;0.0;0.0;0.0;0.0;0.0;0.0
0.0;0.0;False;0.0;0.0;0.0;0.0;0.0;0.0;0.0;0.0;0.0
0.0;0.0;False;0.0;0.0;0.0;0.0;0.0;0.0;0.0;0.0;0.0
0.0;0.0;False;0.0;0.0;0.0;0.0;0.0;0.0;0.0;0.0;0.0
0.0;0.0;False;0.0;0.0;0.0;0.0;0.0;0.0;0.0;0.0;0.0
0.0;0.0;False;0.0;0.0;0.0;0.0;0.0;0.0;0.0;0.0;0.0
0.0;0.0;False;0.0;0.0;0.0;0.0;0.0;0.0;0.0;0.0;0.0
0.0;0.0;True;0.0;0.0;0.0;0.0;0.0;0.0;0.0;0.0;0.0
11.666666667000001;0.0;False;0.0;0.0;30.0;2.916666667;3.0;0.0;0.0;0.0;20.0
21.0;0.0;False;0.0;0.0;145.0;3.0;1.0;0.0;0.0;3.0;80.0
20.0;0.0;False;0.0;0.0;98.0;2.222222222;6.0;0.0;0.0;2.0;63.0
34.333333333;0.0;False;0.0;2.0;294.0;2.019607843;10.0;0.0;0.0;3.0;228.0
34.333333333;0.0;False;0.0;2.0;294.0;2.019607843;10.0;0.0;0.0;3.0;228.0
1.0;0.0;False;0.0;0.0;11.0;1.0;1.0;1.0;0.0;1.0;6.0
6.0;0.0;False;0.0;0.0;41.0;1.5;4.0;0.0;0.0;1.0;25.0
0.0;0.0;False;0.0;0.0;0.0;0.0;0.0;0.0;0.0;0.0;0.0
0.0;0.0;False;0.0;0.0;0.0;0.0;0.0;0.0;0.0;0.0;0.0
0.0;0.0;False;0.0;0.0;0.0;0.0;0.0;0.0;0.0;0.0;0.0
0.0;0.0;False;0.0;0.0;0.0;0.0;0.0;0.0;0.0;0.0;0.0
0.0;0.0;False;0.0;0.0;0.0;0.0;0.0;0.0;0.0;0.0;0.0
4.0;0.0;True;0.0;0.0;7.0;4.0;0.0;0.0;0.0;0.0;3.0
2.0;0.0;False;0.0;0.0;11.0;1.0;1.0;0.0;0.0;0.0;8.0
6.0;0.0;False;0.0;0.0;28.0;2.0;3.0;0.0;0.0;0.0;21.0
0.0;0.0;False;0.0;0.0;0.0;0.0;0.0;0.0;0.0;0.0;0.0
0.0;0.0;False;0.0;0.0;0.0;0.0;0.0;0.0;0.0;0.0;0.0
16.666666667;0.0;False;0.0;0.0;67.0;2.777777778;4.0;1.0;0.0;1.0;45.0
7.0;0.0;False;0.0;0.0;82.0;1.75;4.0;1.0;0.0;1.0;42.0
5.0;0.0;False;0.0;0.0;13.0;1.666666667;0.0;0.0;0.0;0.0;5.0
0.0;0.0;False;0.0;0.0;0.0;0.0;0.0;0.0;0.0;0.0;0.0
0.0;0.0;False;0.0;0.0;0.0;0.0;0.0;0.0;0.0;0.0;0.0
0.0;0.0;False;0.0;0.0;0.0;0.0;0.0;0.0;0.0;0.0;0.0
4.0;0.0;True;0.0;0.0;9.0;2.0;0.0;0.0;0.0;0.0;4.0
1.0;0.0;False;0.0;0.0;9.0;1.0;1.0;0.0;0.0;0.0;5.0
4.0;0.0;False;0.0;0.0;26.0;1.333333333;2.0;0.0;0.0;3.0;18.0
6.0;0.0;False;0.0;0.0;17.0;2.0;3.0;0.0;0.0;0.0;11.0
0.0;0.0;False;0.0;0.0;0.0;0.0;0.0;0.0;0.0;0.0;0.0
2.0;0.0;False;0.0;0.0;13.0;1.0;1.0;0.0;0.0;0.0;8.0
8.0;0.0;False;0.0;0.0;59.0;2.0;3.0;0.0;0.0;0.0;48.0
13.0;0.0;False;0.0;0.0;56.0;3.25;3.0;0.0;0.0;2.0;49.0
0.0;0.0;False;0.0;0.0;0.0;0.0;0.0;0.0;0.0;0.0;0.0
0.0;0.0;False;0.0;0.0;0.0;0.0;0.0;0.0;0.0;0.0;0.0
0.0;0.0;False;0.0;0.0;0.0;0.0;0.0;0.0;0.0;0.0;0.0
2.0;0.0;False;0.0;0.0;12.0;1.0;1.0;0.0;0.0;0.0;8.0
9.0;0.0;False;0.0;0.0;71.0;2.25;3.0;0.0;0.0;2.0;60.0
0.0;0.0;False;0.0;0.0;0.0;0.0;0.0;0.0;0.0;0.0;0.0
0.0;0.0;False;0.0;0.0;0.0;0.0;0.0;0.0;0.0;0.0;0.0
7.666666667;0.0;False;0.0;0.0;26.0;2.555555556;3.0;0.0;0.0;1.0;17.0
6.666666667;0.0;False;0.0;0.0;37.0;2.222222222;1.0;0.0;0.0;1.0;27.0
0.0;0.0;False;0.0;0.0;0.0;0.0;0.0;0.0;0.0;0.0;0.0
0.0;0.0;False;0.0;0.0;0.0;0.0;0.0;0.0;0.0;0.0;0.0
0.0;0.0;False;0.0;0.0;0.0;0.0;0.0;0.0;0.0;0.0;0.0
6.5;0.0;False;0.0;0.0;30.0;1.3;5.0;1.0;0.0;1.0;20.0
11.0;0.0;False;0.0;0.0;63.0;2.2;4.0;2.0;0.0;3.0;41.0
6.0;0.0;False;0.0;0.0;58.0;1.5;4.0;2.0;0.0;2.0;45.0
0.0;0.0;False;0.0;0.0;0.0;0.0;0.0;0.0;0.0;0.0;0.0
0.0;0.0;False;0.0;0.0;0.0;0.0;0.0;0.0;0.0;0.0;0.0
0.0;0.0;False;0.0;0.0;0.0;0.0;0.0;0.0;0.0;0.0;0.0
1.0;0.0;False;0.0;0.0;10.0;1.0;1.0;1.0;0.0;1.0;6.0
6.0;0.0;False;0.0;0.0;32.0;1.5;4.0;0.0;0.0;0.0;23.0
0.0;0.0;False;0.0;0.0;0.0;0.0;0.0;0.0;0.0;0.0;0.0
0.0;0.0;False;0.0;0.0;0.0;0.0;0.0;0.0;0.0;0.0;0.0
1.0;0.0;False;0.0;0.0;11.0;1.0;1.0;1.0;0.0;1.0;6.0
1.0;0.0;False;0.0;0.0;11.0;1.0;1.0;1.0;0.0;1.0;6.0
1.0;0.0;False;0.0;0.0;10.0;1.0;1.0;1.0;0.0;1.0;6.0
1.0;0.0;False;0.0;0.0;11.0;1.0;1.0;1.0;0.0;1.0;6.0
1.0;0.0;False;0.0;0.0;11.0;1.0;1.0;1.0;0.0;1.0;6.0
1.0;0.0;False;0.0;0.0;10.0;1.0;1.0;1.0;0.0;1.0;6.0
1.0;0.0;False;0.0;0.0;11.0;1.0;1.0;1.0;0.0;1.0;6.0
1.0;0.0;False;0.0;0.0;11.0;1.0;1.0;1.0;0.0;1.0;6.0
1.0;0.0;False;0.0;0.0;11.0;1.0;1.0;1.0;0.0;1.0;6.0
6.0;0.0;False;0.0;0.0;52.0;2.0;3.0;0.0;0.0;0.0;46.0
4.0;0.0;False;0.0;0.0;30.0;2.0;2.0;0.0;0.0;0.0;23.0
9.0;0.0;False;0.0;0.0;73.0;2.25;4.0;0.0;0.0;0.0;64.0
9.0;0.0;False;0.0;0.0;73.0;2.25;4.0;0.0;0.0;0.0;64.0
6.0;0.0;False;0.0;0.0;53.0;2.0;3.0;0.0;0.0;0.0;43.0
9.0;0.0;False;0.0;0.0;57.0;2.25;4.0;0.0;0.0;0.0;46.0
9.0;0.0;False;0.0;0.0;57.0;2.25;4.0;0.0;0.0;0.0;46.0
6.0;0.0;False;0.0;0.0;42.0;2.0;2.0;0.0;0.0;0.0;34.0
4.0;0.0;False;0.0;0.0;30.0;2.0;2.0;0.0;0.0;0.0;23.0
7.0;0.0;False;0.0;0.0;53.0;1.166666667;3.0;0.0;0.0;0.0;43.0
4.0;0.0;False;0.0;0.0;30.0;2.0;2.0;0.0;0.0;0.0;23.0
6.0;0.0;False;0.0;0.0;35.0;2.0;2.0;0.0;0.0;0.0;28.0
0.0;0.0;False;0.0;0.0;0.0;0.0;0.0;0.0;0.0;0.0;0.0
0.0;0.0;False;0.0;0.0;0.0;0.0;0.0;0.0;0.0;0.0;0.0
0.0;0.0;False;0.0;0.0;0.0;0.0;0.0;0.0;0.0;0.0;0.0
0.0;0.0;False;0.0;0.0;0.0;0.0;0.0;0.0;0.0;0.0;0.0
0.0;0.0;False;0.0;0.0;0.0;0.0;0.0;0.0;0.0;0.0;0.0
0.0;0.0;False;0.0;0.0;0.0;0.0;0.0;0.0;0.0;0.0;0.0
0.0;0.0;False;0.0;0.0;0.0;0.0;0.0;0.0;0.0;0.0;0.0
0.0;0.0;False;0.0;0.0;0.0;0.0;0.0;0.0;0.0;0.0;0.0
0.0;0.0;False;0.0;0.0;0.0;0.0;0.0;0.0;0.0;0.0;0.0
0.0;0.0;False;0.0;0.0;0.0;0.0;0.0;0.0;0.0;0.0;0.0
0.0;0.0;False;0.0;0.0;0.0;0.0;0.0;0.0;0.0;0.0;0.0
0.0;0.0;False;0.0;0.0;0.0;0.0;0.0;0.0;0.0;0.0;0.0
0.0;0.0;False;0.0;0.0;0.0;0.0;0.0;0.0;0.0;0.0;0.0
0.0;0.0;False;0.0;0.0;0.0;0.0;0.0;0.0;0.0;0.0;0.0
0.0;0.0;False;0.0;0.0;0.0;0.0;0.0;0.0;0.0;0.0;0.0
0.0;0.0;False;0.0;0.0;0.0;0.0;0.0;0.0;0.0;0.0;0.0
0.0;0.0;False;0.0;0.0;0.0;0.0;0.0;0.0;0.0;0.0;0.0
6.0;0.0;False;0.0;0.0;21.0;1.5;4.0;0.0;0.0;0.0;14.0
1.0;0.0;False;0.0;0.0;7.0;1.0;0.0;0.0;0.0;0.0;3.0
3.0;0.0;False;0.0;0.0;17.0;1.0;3.0;1.0;0.0;1.0;13.0
5.0;0.0;False;0.0;0.0;27.0;1.0;5.0;2.0;0.0;2.0;21.0
7.0;0.0;False;0.0;0.0;53.0;1.4;4.0;0.0;0.0;0.0;37.0
11.0;0.0;False;0.0;0.0;53.0;1.833333333;6.0;2.0;0.0;3.0;28.0
7.0;0.0;False;0.0;0.0;52.0;1.4;4.0;0.0;0.0;0.0;37.0
0.0;0.0;False;0.0;0.0;0.0;0.0;0.0;0.0;0.0;0.0;0.0
0.0;0.0;False;0.0;0.0;0.0;0.0;0.0;0.0;0.0;0.0;0.0
0.0;0.0;False;0.0;0.0;0.0;0.0;0.0;0.0;0.0;0.0;0.0
0.0;0.0;False;0.0;0.0;0.0;0.0;0.0;0.0;0.0;0.0;0.0
2.0;0.0;False;0.0;0.0;16.0;1.0;2.0;0.0;0.0;1.0;9.0
7.0;0.0;False;0.0;1.0;55.0;1.4;4.0;0.0;0.0;1.0;40.0
2.0;0.0;False;0.0;0.0;16.0;1.0;2.0;0.0;0.0;1.0;9.0
19.0;0.0;False;0.0;0.0;88.0;2.714285714;4.0;0.0;0.0;2.0;68.0
11.0;0.0;False;0.0;0.0;81.0;1.833333333;6.0;2.0;0.0;3.0;30.0
2.0;0.0;False;0.0;0.0;16.0;1.0;2.0;0.0;0.0;1.0;9.0
7.0;0.0;False;0.0;1.0;50.0;1.4;4.0;0.0;0.0;1.0;37.0
2.0;0.0;False;0.0;0.0;16.0;1.0;2.0;0.0;0.0;1.0;9.0
7.0;0.0;False;0.0;0.0;56.0;1.4;4.0;0.0;0.0;2.0;43.0
3.0;0.0;False;0.0;0.0;12.0;1.0;0.0;0.0;0.0;0.0;5.0
0.0;0.0;False;0.0;0.0;0.0;0.0;0.0;0.0;0.0;0.0;0.0
0.0;0.0;False;0.0;0.0;0.0;0.0;0.0;0.0;0.0;0.0;0.0
0.0;0.0;False;0.0;0.0;0.0;0.0;0.0;0.0;0.0;0.0;0.0
0.0;0.0;False;0.0;0.0;0.0;0.0;0.0;0.0;0.0;0.0;0.0
0.0;0.0;False;0.0;0.0;0.0;0.0;0.0;0.0;0.0;0.0;0.0
0.0;0.0;False;0.0;0.0;0.0;0.0;0.0;0.0;0.0;0.0;0.0
4.0;0.0;False;0.0;0.0;17.0;2.0;1.0;0.0;0.0;0.0;10.0
1.0;0.0;False;0.0;0.0;12.0;1.0;1.0;2.0;0.0;2.0;7.0
4.0;0.0;False;0.0;0.0;7.0;2.0;0.0;0.0;0.0;0.0;4.0
3.0;0.0;False;0.0;0.0;8.0;1.5;0.0;0.0;0.0;0.0;4.0
3.0;0.0;False;0.0;0.0;6.0;3.0;0.0;0.0;0.0;0.0;3.0
8.0;0.0;False;0.0;0.0;13.0;1.6;0.0;0.0;0.0;0.0;7.0
10.0;0.0;False;0.0;0.0;15.0;1.666666667;0.0;0.0;0.0;0.0;8.0
8.0;0.0;False;0.0;0.0;14.0;1.6;0.0;0.0;0.0;0.0;7.0
5.0;0.0;False;0.0;0.0;9.0;1.666666667;0.0;0.0;0.0;0.0;5.0
8.0;0.0;False;0.0;0.0;20.0;1.6;0.0;0.0;0.0;0.0;10.0
0.0;0.0;False;0.0;0.0;0.0;0.0;0.0;0.0;0.0;0.0;0.0
8.0;0.0;False;0.0;0.0;21.0;1.6;0.0;0.0;0.0;0.0;7.0
1.0;0.0;False;0.0;0.0;5.0;1.0;0.0;0.0;0.0;0.0;3.0
5.0;0.0;False;0.0;3.0;37.0;1.25;2.0;0.0;0.0;1.0;28.0
11.0;0.0;False;0.0;0.0;141.0;1.571428571;5.0;0.0;0.0;1.0;133.0
17.0;0.0;False;0.0;0.0;25.0;1.545454545;0.0;0.0;0.0;0.0;13.0
17.0;0.0;False;0.0;0.0;25.0;1.545454545;0.0;0.0;0.0;0.0;13.0
20.0;0.0;False;0.0;0.0;33.0;1.428571429;0.0;0.0;0.0;0.0;16.0
10.0;0.0;False;0.0;5.0;43.0;1.666666667;3.0;0.0;0.0;3.0;34.0
8.0;0.0;False;0.0;3.0;72.0;1.6;3.0;4.0;0.0;5.0;61.0
8.0;0.0;False;0.0;0.0;31.0;2.0;4.0;0.0;0.0;0.0;22.0
4.0;0.0;False;0.0;0.0;28.0;2.0;1.0;9.0;0.0;9.0;20.0
3.0;0.0;False;0.0;0.0;7.0;1.5;0.0;0.0;0.0;0.0;4.0
5.0;0.0;False;0.0;3.0;36.0;1.25;2.0;0.0;0.0;1.0;28.0
0.0;0.0;False;0.0;0.0;0.0;0.0;0.0;0.0;0.0;0.0;0.0
18.0;0.0;False;0.0;5.0;84.0;3.0;2.0;0.0;0.0;1.0;67.0
18.0;0.0;False;0.0;5.0;84.0;3.0;2.0;0.0;0.0;1.0;67.0
6.0;0.0;False;0.0;0.0;9.0;3.0;0.0;0.0;0.0;0.0;8.0
19.0;0.0;False;0.0;0.0;91.0;2.375;5.0;1.0;0.0;1.0;66.0
6.0;0.0;False;0.0;0.0;11.0;1.5;0.0;0.0;0.0;0.0;6.0
7.0;0.0;False;0.0;0.0;31.0;1.166666667;6.0;0.0;0.0;0.0;21.0
5.0;0.0;False;0.0;0.0;33.0;1.25;4.0;0.0;0.0;0.0;22.0
9.0;0.0;False;0.0;0.0;15.0;1.5;0.0;0.0;0.0;0.0;8.0
19.5;0.0;False;0.0;0.0;78.0;1.3;15.0;0.0;0.0;0.0;53.0
5.0;0.0;False;0.0;0.0;21.0;1.25;4.0;0.0;0.0;0.0;12.0
0.0;0.0;False;0.0;0.0;0.0;0.0;0.0;0.0;0.0;0.0;0.0
0.0;0.0;False;0.0;0.0;0.0;0.0;0.0;0.0;0.0;0.0;0.0
5.0;0.0;False;0.0;0.0;21.0;1.25;4.0;0.0;0.0;0.0;12.0
9.0;0.0;False;0.0;0.0;16.0;1.5;0.0;0.0;0.0;0.0;8.0
18.5;0.0;False;0.0;0.0;85.0;1.233333333;15.0;0.0;0.0;0.0;59.0
5.0;0.0;False;0.0;0.0;41.0;1.25;4.0;0.0;0.0;0.0;29.0
40.0;0.0;False;0.0;0.0;60.0;2.105263158;0.0;0.0;0.0;0.0;21.0
40.0;0.0;False;0.0;0.0;60.0;2.105263158;0.0;0.0;0.0;0.0;21.0
40.0;0.0;False;0.0;0.0;60.0;2.105263158;0.0;0.0;0.0;0.0;21.0
40.0;0.0;False;0.0;0.0;60.0;2.105263158;0.0;0.0;0.0;0.0;21.0
40.0;0.0;False;0.0;0.0;60.0;2.105263158;0.0;0.0;0.0;0.0;21.0
40.0;0.0;False;0.0;0.0;60.0;2.105263158;0.0;0.0;0.0;0.0;21.0
10.0;0.0;False;0.0;0.0;18.0;2.0;0.0;0.0;0.0;0.0;7.0
6.0;0.0;False;0.0;0.0;34.0;2.0;3.0;0.0;0.0;2.0;25.0
10.0;0.0;False;0.0;0.0;91.0;1.666666667;4.0;0.0;0.0;1.0;68.0
10.0;0.0;False;0.0;0.0;91.0;1.666666667;4.0;0.0;0.0;1.0;68.0
10.0;0.0;False;0.0;0.0;91.0;1.666666667;4.0;0.0;0.0;1.0;68.0
13.0;0.0;False;0.0;0.0;117.0;1.625;8.0;0.0;0.0;1.0;82.0
13.0;0.0;False;0.0;0.0;117.0;1.625;8.0;0.0;0.0;1.0;82.0
13.0;0.0;False;0.0;0.0;117.0;1.625;8.0;0.0;0.0;1.0;82.0
12.666666667000001;0.0;False;0.0;0.0;63.0;2.111111111;6.0;0.0;0.0;4.0;35.0
5.0;0.0;False;0.0;0.0;26.0;1.25;4.0;0.0;0.0;0.0;16.0
3.0;0.0;False;0.0;0.0;14.0;3.0;1.0;0.0;0.0;0.0;9.0
13.0;0.0;False;0.0;0.0;58.0;1.3;10.0;0.0;0.0;0.0;38.0
13.0;0.0;False;0.0;0.0;58.0;1.4444444440000002;9.0;0.0;0.0;0.0;40.0
10.0;0.0;False;0.0;0.0;44.0;1.428571429;7.0;0.0;0.0;0.0;28.0
5.0;0.0;False;0.0;0.0;26.0;1.666666667;3.0;0.0;0.0;0.0;16.0
4.0;0.0;False;0.0;0.0;15.0;4.0;0.0;0.0;0.0;0.0;12.0
4.0;0.0;False;0.0;0.0;15.0;4.0;0.0;0.0;0.0;0.0;12.0
0.0;0.0;False;0.0;0.0;0.0;0.0;0.0;0.0;0.0;0.0;0.0
10.0;0.0;False;0.0;0.0;43.0;1.428571429;7.0;0.0;0.0;0.0;28.0
11.0;0.0;False;0.0;5.0;84.0;1.833333333;1.0;0.0;0.0;1.0;69.0
33.0;0.0;False;0.0;0.0;255.0;2.0625;10.0;0.0;0.0;2.0;188.0
33.0;0.0;False;0.0;0.0;255.0;2.0625;10.0;0.0;0.0;2.0;188.0
14.0;0.0;False;0.0;0.0;53.0;1.4;10.0;0.0;0.0;0.0;33.0
38.0;0.0;False;0.0;0.0;279.0;1.9;12.0;1.0;0.0;7.0;244.0
3.0;0.0;False;0.0;0.0;26.0;1.0;3.0;0.0;0.0;1.0;17.0
33.5;0.0;False;0.0;2.0;163.0;1.34;23.0;0.0;0.0;1.0;122.0
33.5;0.0;False;0.0;2.0;163.0;1.34;23.0;0.0;0.0;1.0;122.0
4.0;0.0;False;0.0;0.0;39.0;1.333333333;3.0;0.0;0.0;0.0;29.0
5.0;0.0;False;0.0;0.0;31.0;1.25;4.0;0.0;0.0;0.0;20.0
23.0;0.0;False;0.0;0.0;113.0;1.4375;14.0;0.0;0.0;0.0;77.0
10.0;0.0;False;0.0;5.0;78.0;1.666666667;1.0;0.0;0.0;1.0;67.0
22.0;0.0;False;0.0;0.0;200.0;1.571428571;7.0;0.0;0.0;1.0;167.0
14.0;0.0;False;0.0;0.0;65.0;1.5555555559999998;6.0;0.0;0.0;0.0;56.0
12.0;0.0;False;0.0;3.0;62.0;4.0;3.0;0.0;0.0;0.0;57.0
12.0;0.0;False;0.0;3.0;62.0;4.0;3.0;0.0;0.0;0.0;57.0
10.0;0.0;False;0.0;0.0;76.0;2.0;3.0;0.0;0.0;1.0;62.0
8.0;0.0;False;0.0;0.0;32.0;1.333333333;6.0;0.0;0.0;0.0;24.0
8.333333332999999;0.0;False;0.0;0.0;70.0;2.083333333;3.0;0.0;0.0;1.0;61.0
10.0;0.0;False;0.0;0.0;29.0;5.0;1.0;0.0;0.0;1.0;22.0
9.0;0.0;False;0.0;0.0;30.0;3.0;3.0;0.0;0.0;2.0;13.0
9.0;0.0;False;0.0;0.0;30.0;3.0;3.0;0.0;0.0;2.0;13.0
3.0;0.0;False;0.0;0.0;21.0;1.5;2.0;0.0;0.0;0.0;18.0
23.0;0.0;False;0.0;0.0;25.0;3.833333333;2.0;0.0;0.0;0.0;16.0
27.0;0.0;False;0.0;0.0;278.0;1.928571429;2.0;0.0;0.0;3.0;239.0
27.0;0.0;False;0.0;0.0;278.0;1.928571429;2.0;0.0;0.0;3.0;239.0
1.0;0.0;False;0.0;0.0;10.0;1.0;1.0;1.0;0.0;1.0;6.0
6.0;0.0;False;0.0;0.0;44.0;1.5;4.0;0.0;0.0;1.0;32.0
2.0;0.0;False;0.0;0.0;21.0;1.0;2.0;1.0;0.0;1.0;9.0
7.0;0.0;False;0.0;0.0;61.0;1.4;5.0;0.0;0.0;0.0;36.0
2.0;0.0;False;0.0;0.0;21.0;1.0;2.0;1.0;0.0;1.0;9.0
7.0;0.0;False;0.0;0.0;59.0;1.4;5.0;0.0;0.0;0.0;33.0
2.0;0.0;False;0.0;0.0;21.0;1.0;2.0;1.0;0.0;1.0;9.0
7.0;0.0;False;0.0;0.0;58.0;1.4;5.0;0.0;0.0;0.0;33.0
19.0;0.0;False;0.0;0.0;42.0;4.75;2.0;0.0;0.0;1.0;30.0
9.0;0.0;False;0.0;0.0;34.0;3.0;3.0;0.0;0.0;2.0;17.0
9.0;0.0;False;0.0;0.0;34.0;3.0;3.0;0.0;0.0;2.0;17.0
11.0;0.0;False;0.0;0.0;59.0;2.75;2.0;0.0;0.0;2.0;47.0
10.0;0.0;False;0.0;0.0;31.0;5.0;2.0;0.0;0.0;1.0;24.0
9.0;0.0;False;0.0;0.0;36.0;3.0;3.0;0.0;0.0;2.0;17.0
9.0;0.0;False;0.0;0.0;36.0;3.0;3.0;0.0;0.0;2.0;17.0
116.0;0.0;True;0.0;0.0;598.0;4.64;3.0;0.0;0.0;3.0;554.0
116.0;0.0;True;0.0;0.0;598.0;4.64;3.0;0.0;0.0;3.0;554.0
116.0;0.0;True;0.0;0.0;598.0;4.64;3.0;0.0;0.0;3.0;554.0
116.0;0.0;True;0.0;0.0;598.0;4.64;3.0;0.0;0.0;3.0;554.0
116.0;0.0;True;0.0;0.0;598.0;4.64;3.0;0.0;0.0;3.0;554.0
116.0;0.0;True;0.0;0.0;598.0;4.64;3.0;0.0;0.0;3.0;554.0
10.0;0.0;False;0.0;0.0;33.0;5.0;1.0;0.0;0.0;1.0;22.0
9.0;0.0;False;0.0;0.0;35.0;3.0;3.0;0.0;0.0;2.0;13.0
9.0;0.0;False;0.0;0.0;35.0;3.0;3.0;0.0;0.0;2.0;13.0
62.5;0.0;False;0.0;1.0;580.0;2.232142857;2.0;0.0;0.0;5.0;508.0
62.5;0.0;False;0.0;1.0;580.0;2.232142857;2.0;0.0;0.0;5.0;508.0
62.5;0.0;False;0.0;1.0;580.0;2.232142857;2.0;0.0;0.0;5.0;508.0
62.5;0.0;False;0.0;1.0;580.0;2.232142857;2.0;0.0;0.0;5.0;508.0
0.0;0.0;False;0.0;0.0;200.0;0.0;0.0;0.0;0.0;0.0;120.0
0.0;0.0;False;0.0;0.0;200.0;0.0;0.0;0.0;0.0;0.0;120.0
0.0;0.0;False;0.0;0.0;200.0;0.0;0.0;0.0;0.0;0.0;120.0
0.0;0.0;False;0.0;0.0;200.0;0.0;0.0;0.0;0.0;0.0;120.0
0.0;0.0;False;0.0;0.0;200.0;0.0;0.0;0.0;0.0;0.0;120.0
0.0;0.0;False;0.0;0.0;200.0;0.0;0.0;0.0;0.0;0.0;120.0
0.0;0.0;False;0.0;0.0;200.0;0.0;0.0;0.0;0.0;0.0;120.0
0.0;0.0;False;0.0;0.0;200.0;0.0;0.0;0.0;0.0;0.0;120.0
0.0;0.0;False;0.0;0.0;200.0;0.0;0.0;0.0;0.0;0.0;120.0
0.0;0.0;False;0.0;0.0;200.0;0.0;0.0;0.0;0.0;0.0;120.0
0.0;0.0;False;0.0;0.0;200.0;0.0;0.0;0.0;0.0;0.0;120.0
0.0;0.0;False;0.0;0.0;200.0;0.0;0.0;0.0;0.0;0.0;120.0
0.0;0.0;False;0.0;0.0;0.0;0.0;0.0;0.0;0.0;0.0;0.0
19.0;0.0;False;0.0;0.0;46.0;4.75;1.0;0.0;0.0;1.0;36.0
24.0;0.0;False;0.0;1.0;149.0;2.666666667;2.0;0.0;0.0;1.0;127.0
3.0;0.0;False;0.0;0.0;21.0;1.5;2.0;0.0;0.0;1.0;16.0
9.0;0.0;False;0.0;0.0;36.0;3.0;3.0;0.0;0.0;2.0;19.0
9.0;0.0;False;0.0;0.0;36.0;3.0;3.0;0.0;0.0;2.0;19.0
16.0;0.0;False;0.0;0.0;62.0;1.333333333;11.0;0.0;0.0;0.0;42.0
7.0;0.0;False;0.0;0.0;21.0;1.0;0.0;0.0;0.0;0.0;9.0
13.0;0.0;False;0.0;0.0;88.0;1.4444444440000002;9.0;0.0;0.0;0.0;40.0
3.0;0.0;False;0.0;0.0;9.0;1.0;0.0;0.0;0.0;0.0;5.0
2.0;0.0;False;0.0;0.0;9.0;1.0;2.0;0.0;0.0;0.0;6.0
3.0;0.0;False;0.0;0.0;5.0;3.0;0.0;0.0;0.0;0.0;3.0
3.0;0.0;False;0.0;0.0;7.0;1.5;0.0;0.0;0.0;0.0;4.0
3.0;0.0;False;0.0;0.0;7.0;1.5;0.0;0.0;0.0;0.0;4.0
6.0;0.0;False;0.0;0.0;25.0;1.5;4.0;0.0;0.0;0.0;16.0
5.0;0.0;False;0.0;0.0;11.0;1.25;0.0;0.0;0.0;0.0;6.0
0.0;0.0;False;0.0;0.0;0.0;0.0;0.0;0.0;0.0;0.0;0.0
9.0;0.0;False;0.0;0.0;16.0;3.0;0.0;0.0;0.0;0.0;5.0
9.0;0.0;False;0.0;0.0;16.0;3.0;0.0;0.0;0.0;0.0;5.0
0.0;0.0;False;0.0;0.0;0.0;0.0;0.0;0.0;0.0;0.0;0.0
0.0;0.0;False;0.0;0.0;0.0;0.0;0.0;0.0;0.0;0.0;0.0
0.0;0.0;False;0.0;0.0;0.0;0.0;0.0;0.0;0.0;0.0;0.0
0.0;0.0;False;0.0;0.0;0.0;0.0;0.0;0.0;0.0;0.0;0.0
0.0;0.0;False;0.0;0.0;0.0;0.0;0.0;0.0;0.0;0.0;0.0
0.0;0.0;False;0.0;0.0;0.0;0.0;0.0;0.0;0.0;0.0;0.0
0.0;0.0;False;0.0;0.0;0.0;0.0;0.0;0.0;0.0;0.0;0.0
0.0;0.0;False;0.0;0.0;0.0;0.0;0.0;0.0;0.0;0.0;0.0
0.0;0.0;False;0.0;0.0;0.0;0.0;0.0;0.0;0.0;0.0;0.0
0.0;0.0;False;0.0;0.0;0.0;0.0;0.0;0.0;0.0;0.0;0.0
0.0;0.0;False;0.0;0.0;0.0;0.0;0.0;0.0;0.0;0.0;0.0
0.0;0.0;False;0.0;0.0;0.0;0.0;0.0;0.0;0.0;0.0;0.0
0.0;0.0;False;0.0;0.0;0.0;0.0;0.0;0.0;0.0;0.0;0.0
0.0;0.0;False;0.0;0.0;0.0;0.0;0.0;0.0;0.0;0.0;0.0
0.0;0.0;False;0.0;0.0;0.0;0.0;0.0;0.0;0.0;0.0;0.0
0.0;0.0;False;0.0;0.0;0.0;0.0;0.0;0.0;0.0;0.0;0.0
0.0;0.0;False;0.0;0.0;0.0;0.0;0.0;0.0;0.0;0.0;0.0
0.0;0.0;False;0.0;0.0;0.0;0.0;0.0;0.0;0.0;0.0;0.0
0.0;0.0;False;0.0;0.0;0.0;0.0;0.0;0.0;0.0;0.0;0.0
0.0;0.0;False;0.0;0.0;0.0;0.0;0.0;0.0;0.0;0.0;0.0
0.0;0.0;False;0.0;0.0;0.0;0.0;0.0;0.0;0.0;0.0;0.0
0.0;0.0;False;0.0;0.0;0.0;0.0;0.0;0.0;0.0;0.0;0.0
0.0;0.0;False;0.0;0.0;0.0;0.0;0.0;0.0;0.0;0.0;0.0
0.0;0.0;False;0.0;0.0;0.0;0.0;0.0;0.0;0.0;0.0;0.0
0.0;0.0;False;0.0;0.0;0.0;0.0;0.0;0.0;0.0;0.0;0.0
0.0;0.0;False;0.0;0.0;0.0;0.0;0.0;0.0;0.0;0.0;0.0
0.0;0.0;False;0.0;0.0;0.0;0.0;0.0;0.0;0.0;0.0;0.0
0.0;0.0;False;0.0;0.0;0.0;0.0;0.0;0.0;0.0;0.0;0.0
0.0;0.0;False;0.0;0.0;0.0;0.0;0.0;0.0;0.0;0.0;0.0
0.0;0.0;False;0.0;0.0;0.0;0.0;0.0;0.0;0.0;0.0;0.0
0.0;0.0;False;0.0;0.0;0.0;0.0;0.0;0.0;0.0;0.0;0.0
0.0;0.0;False;0.0;0.0;0.0;0.0;0.0;0.0;0.0;0.0;0.0
0.0;0.0;True;0.0;0.0;0.0;0.0;0.0;0.0;0.0;0.0;0.0
0.0;0.0;False;0.0;0.0;0.0;0.0;0.0;0.0;0.0;0.0;0.0
0.0;0.0;False;0.0;0.0;0.0;0.0;0.0;0.0;0.0;0.0;0.0
0.0;0.0;False;0.0;0.0;0.0;0.0;0.0;0.0;0.0;0.0;0.0
0.0;0.0;False;0.0;0.0;0.0;0.0;0.0;0.0;0.0;0.0;0.0
0.0;0.0;False;0.0;0.0;0.0;0.0;0.0;0.0;0.0;0.0;0.0
0.0;0.0;False;0.0;0.0;0.0;0.0;0.0;0.0;0.0;0.0;0.0
0.0;0.0;False;0.0;0.0;0.0;0.0;0.0;0.0;0.0;0.0;0.0
0.0;0.0;False;0.0;0.0;0.0;0.0;0.0;0.0;0.0;0.0;0.0
8.666666667000001;0.0;False;0.0;0.0;36.0;2.166666667;4.0;0.0;0.0;3.0;24.0
8.0;0.0;False;0.0;0.0;59.0;2.0;3.0;0.0;0.0;2.0;37.0
0.0;0.0;False;0.0;0.0;0.0;0.0;0.0;0.0;0.0;0.0;0.0
10.666666667000001;0.0;False;0.0;0.0;50.0;2.133333333;5.0;0.0;0.0;1.0;29.0
6.0;0.0;False;0.0;0.0;53.0;1.2;2.0;5.0;0.0;1.0;44.0
25.0;0.0;False;0.0;0.0;201.0;1.923076923;3.0;0.0;0.0;2.0;165.0
13.0;0.0;False;0.0;0.0;42.0;1.0;0.0;0.0;0.0;0.0;15.0
2.0;0.0;False;0.0;0.0;5.0;2.0;0.0;0.0;0.0;0.0;3.0
0.0;0.0;False;0.0;0.0;0.0;0.0;0.0;0.0;0.0;0.0;0.0
0.0;0.0;False;0.0;0.0;0.0;0.0;0.0;0.0;0.0;0.0;0.0
0.0;0.0;False;0.0;0.0;0.0;0.0;0.0;0.0;0.0;0.0;0.0
4.0;0.0;False;0.0;0.0;13.0;1.333333333;0.0;0.0;0.0;0.0;5.0
21.0;0.0;False;0.0;0.0;67.0;4.2;5.0;2.0;0.0;5.0;49.0
3.0;0.0;False;0.0;0.0;17.0;3.0;0.0;0.0;0.0;0.0;14.0
8.0;0.0;False;0.0;0.0;63.0;2.0;3.0;0.0;0.0;3.0;40.0
0.0;0.0;False;0.0;0.0;0.0;0.0;0.0;0.0;0.0;0.0;0.0
4.0;0.0;False;0.0;0.0;35.0;0.363636364;0.0;0.0;0.0;0.0;13.0
9.666666667000001;0.0;False;0.0;0.0;23.0;2.416666667;4.0;0.0;0.0;1.0;14.0
9.666666667000001;0.0;False;0.0;0.0;33.0;1.933333333;5.0;0.0;0.0;3.0;22.0
9.666666667000001;0.0;False;0.0;0.0;23.0;2.416666667;4.0;0.0;0.0;1.0;14.0
9.666666667000001;0.0;False;0.0;0.0;32.0;2.416666667;4.0;0.0;0.0;1.0;21.0
9.666666667000001;0.0;False;0.0;0.0;36.0;2.416666667;4.0;0.0;0.0;1.0;23.0
27.0;0.0;False;0.0;0.0;246.0;2.454545455;2.0;4.0;0.0;7.0;156.0
11.0;0.0;False;0.0;0.0;118.0;1.833333333;3.0;0.0;0.0;2.0;83.0
8.0;0.0;False;0.0;0.0;119.0;2.666666667;2.0;0.0;0.0;6.0;77.0
4.0;0.0;False;0.0;0.0;61.0;2.0;2.0;0.0;0.0;1.0;44.0
8.0;0.0;False;0.0;0.0;77.0;2.0;3.0;2.0;0.0;4.0;54.0
18.0;0.0;False;0.0;0.0;190.0;2.0;4.0;7.0;0.0;13.0;131.0
0.0;0.0;False;0.0;0.0;0.0;0.0;0.0;0.0;0.0;0.0;0.0
0.0;0.0;False;0.0;0.0;0.0;0.0;0.0;0.0;0.0;0.0;0.0
0.0;0.0;False;0.0;0.0;0.0;0.0;0.0;0.0;0.0;0.0;0.0
0.0;0.0;False;0.0;0.0;0.0;0.0;0.0;0.0;0.0;0.0;0.0
0.0;0.0;False;0.0;0.0;0.0;0.0;0.0;0.0;0.0;0.0;0.0
0.0;0.0;False;0.0;0.0;0.0;0.0;0.0;0.0;0.0;0.0;0.0
0.0;0.0;False;0.0;0.0;0.0;0.0;0.0;0.0;0.0;0.0;0.0
0.0;0.0;False;0.0;0.0;0.0;0.0;0.0;0.0;0.0;0.0;0.0
2.0;0.0;False;0.0;0.0;22.0;0.333333333;0.0;0.0;0.0;0.0;8.0
22.0;0.0;False;0.0;0.0;42.0;4.4;5.0;0.0;0.0;4.0;28.0
6.0;0.0;False;0.0;0.0;170.0;1.5;3.0;3.0;0.0;7.0;122.0
11.0;0.0;False;0.0;2.0;115.0;1.571428571;6.0;1.0;0.0;5.0;72.0
29.0;0.0;False;0.0;2.0;153.0;2.416666667;8.0;2.0;0.0;3.0;99.0
0.0;0.0;False;0.0;0.0;0.0;0.0;0.0;0.0;0.0;0.0;0.0
0.0;0.0;False;0.0;0.0;0.0;0.0;0.0;0.0;0.0;0.0;0.0
0.0;0.0;False;0.0;0.0;0.0;0.0;0.0;0.0;0.0;0.0;0.0
0.0;0.0;False;0.0;0.0;0.0;0.0;0.0;0.0;0.0;0.0;0.0
8.666666667000001;0.0;False;0.0;0.0;35.0;2.166666667;4.0;0.0;0.0;3.0;24.0
14.0;0.0;False;0.0;0.0;87.0;1.75;5.0;0.0;0.0;2.0;55.0
5.0;0.0;False;0.0;0.0;21.0;1.666666667;3.0;1.0;0.0;1.0;11.0
5.0;0.0;False;0.0;0.0;37.0;1.666666667;1.0;0.0;0.0;2.0;31.0
5.0;0.0;False;0.0;0.0;25.0;1.666666667;3.0;2.0;0.0;2.0;14.0
4.0;0.0;False;0.0;0.0;38.0;1.333333333;3.0;0.0;0.0;1.0;28.0
7.0;0.0;False;0.0;4.0;65.0;1.75;3.0;1.0;0.0;2.0;46.0
0.0;0.0;False;0.0;0.0;0.0;0.0;0.0;0.0;0.0;0.0;0.0
4.0;0.0;False;0.0;0.0;11.0;2.0;0.0;0.0;0.0;0.0;4.0
0.0;0.0;False;0.0;0.0;0.0;0.0;0.0;0.0;0.0;0.0;0.0
0.0;0.0;False;0.0;0.0;0.0;0.0;0.0;0.0;0.0;0.0;0.0
0.0;0.0;False;0.0;0.0;0.0;0.0;0.0;0.0;0.0;0.0;0.0
0.0;0.0;False;0.0;0.0;0.0;0.0;0.0;0.0;0.0;0.0;0.0
0.0;0.0;False;0.0;0.0;0.0;0.0;0.0;0.0;0.0;0.0;0.0
0.0;0.0;False;0.0;0.0;0.0;0.0;0.0;0.0;0.0;0.0;0.0
7.0;0.0;False;0.0;0.0;46.0;2.333333333;2.0;0.0;0.0;0.0;42.0
68.555555556;0.0;False;0.0;0.0;105.0;17.138888889;4.0;0.0;0.0;9.0;61.0
6.0;0.0;False;0.0;0.0;25.0;2.0;1.0;1.0;0.0;1.0;18.0
6.0;0.0;False;0.0;0.0;56.0;2.0;2.0;1.0;0.0;2.0;45.0
6.0;0.0;False;0.0;0.0;56.0;2.0;2.0;1.0;0.0;2.0;45.0
8.0;0.0;False;0.0;0.0;105.0;2.0;3.0;0.0;0.0;3.0;63.0
8.0;0.0;False;0.0;0.0;105.0;2.0;3.0;0.0;0.0;3.0;63.0
0.0;0.0;False;0.0;0.0;0.0;0.0;0.0;0.0;0.0;0.0;0.0
8.5;0.0;False;0.0;0.0;83.0;1.214285714;6.0;0.0;0.0;1.0;58.0
115.75;0.0;True;0.0;1.0;642.0;2.572222222;31.0;0.0;0.0;14.0;465.0
115.75;0.0;True;0.0;1.0;642.0;2.572222222;31.0;0.0;0.0;14.0;465.0
10.0;0.0;False;0.0;0.0;82.0;1.666666667;3.0;0.0;0.0;5.0;60.0
5.0;0.0;False;0.0;0.0;22.0;1.25;4.0;0.0;0.0;0.0;15.0
5.0;0.0;False;0.0;0.0;16.0;1.25;0.0;0.0;0.0;0.0;6.0
0.0;0.0;False;0.0;0.0;0.0;0.0;0.0;0.0;0.0;0.0;0.0
0.0;0.0;False;0.0;0.0;0.0;0.0;0.0;0.0;0.0;0.0;0.0
0.0;0.0;False;0.0;0.0;0.0;0.0;0.0;0.0;0.0;0.0;0.0
0.0;0.0;False;0.0;0.0;0.0;0.0;0.0;0.0;0.0;0.0;0.0
151.384615385;0.0;False;0.0;0.0;129.0;30.276923077;4.0;0.0;0.0;20.0;83.0
4.0;0.0;False;0.0;0.0;38.0;1.333333333;3.0;0.0;0.0;2.0;30.0
6.0;0.0;False;0.0;0.0;82.0;1.5;4.0;0.0;0.0;2.0;59.0
6.0;0.0;False;0.0;0.0;82.0;1.5;4.0;0.0;0.0;2.0;59.0
6.0;0.0;False;0.0;0.0;92.0;1.5;3.0;3.0;0.0;3.0;60.0
6.0;0.0;False;0.0;0.0;92.0;1.5;3.0;3.0;0.0;3.0;60.0
6.0;0.0;False;0.0;0.0;82.0;1.5;4.0;0.0;0.0;2.0;59.0
6.0;0.0;False;0.0;0.0;82.0;1.5;4.0;0.0;0.0;2.0;59.0
6.0;0.0;False;0.0;0.0;86.0;1.5;3.0;3.0;0.0;3.0;60.0
6.0;0.0;False;0.0;0.0;86.0;1.5;3.0;3.0;0.0;3.0;60.0
0.0;0.0;False;0.0;0.0;0.0;0.0;0.0;0.0;0.0;0.0;0.0
0.0;0.0;False;0.0;0.0;0.0;0.0;0.0;0.0;0.0;0.0;0.0
0.0;0.0;False;0.0;0.0;0.0;0.0;0.0;0.0;0.0;0.0;0.0
0.0;0.0;False;0.0;0.0;0.0;0.0;0.0;0.0;0.0;0.0;0.0
0.0;0.0;False;0.0;0.0;0.0;0.0;0.0;0.0;0.0;0.0;0.0
0.0;0.0;False;0.0;0.0;0.0;0.0;0.0;0.0;0.0;0.0;0.0
0.0;0.0;False;0.0;0.0;0.0;0.0;0.0;0.0;0.0;0.0;0.0
0.0;0.0;False;0.0;0.0;0.0;0.0;0.0;0.0;0.0;0.0;0.0
0.0;0.0;False;0.0;0.0;0.0;0.0;0.0;0.0;0.0;0.0;0.0
0.0;0.0;False;0.0;0.0;0.0;0.0;0.0;0.0;0.0;0.0;0.0
0.0;0.0;False;0.0;0.0;0.0;0.0;0.0;0.0;0.0;0.0;0.0
0.0;0.0;False;0.0;0.0;0.0;0.0;0.0;0.0;0.0;0.0;0.0
0.0;0.0;False;0.0;0.0;0.0;0.0;0.0;0.0;0.0;0.0;0.0
4.5;0.0;False;0.0;0.0;34.0;1.5;3.0;0.0;0.0;0.0;27.0
3.0;0.0;False;0.0;0.0;7.0;3.0;0.0;0.0;0.0;0.0;5.0
21.0;0.0;False;0.0;6.0;124.0;1.909090909;4.0;0.0;0.0;13.0;106.0
0.0;0.0;False;0.0;0.0;0.0;0.0;0.0;0.0;0.0;0.0;0.0
0.0;0.0;False;0.0;0.0;0.0;0.0;0.0;0.0;0.0;0.0;0.0
0.0;0.0;False;0.0;0.0;0.0;0.0;0.0;0.0;0.0;0.0;0.0
0.0;0.0;False;0.0;0.0;0.0;0.0;0.0;0.0;0.0;0.0;0.0
0.0;0.0;False;0.0;0.0;0.0;0.0;0.0;0.0;0.0;0.0;0.0
0.0;0.0;False;0.0;0.0;0.0;0.0;0.0;0.0;0.0;0.0;0.0
5.0;0.0;False;0.0;4.0;54.0;1.25;3.0;12.0;0.0;13.0;41.0
8.0;0.0;False;0.0;4.0;66.0;2.0;1.0;0.0;0.0;0.0;38.0
39.0;0.0;False;0.0;0.0;386.0;2.6;8.0;0.0;0.0;5.0;272.0
39.0;0.0;False;0.0;0.0;386.0;2.6;8.0;0.0;0.0;5.0;272.0
39.0;0.0;False;0.0;0.0;386.0;2.6;8.0;0.0;0.0;5.0;272.0
39.0;0.0;False;0.0;0.0;386.0;2.6;8.0;0.0;0.0;5.0;272.0
17.0;0.0;False;0.0;2.0;112.0;1.888888889;2.0;0.0;0.0;6.0;65.0
268.0;0.0;False;0.0;0.0;588.0;1.4806629830000002;0.0;0.0;0.0;0.0;183.0
28.0;0.0;False;0.0;0.0;63.0;1.4;0.0;0.0;0.0;0.0;22.0
107.166666667;0.0;True;0.0;20.0;908.0;2.280141844;14.0;0.0;0.0;6.0;657.0
107.166666667;0.0;True;0.0;20.0;908.0;2.280141844;14.0;0.0;0.0;6.0;657.0
107.166666667;0.0;True;0.0;20.0;908.0;2.280141844;14.0;0.0;0.0;6.0;657.0
107.166666667;0.0;True;0.0;20.0;908.0;2.280141844;14.0;0.0;0.0;6.0;657.0
23.0;0.0;False;0.0;3.0;256.0;1.533333333;11.0;2.0;0.0;6.0;212.0
23.0;0.0;False;0.0;3.0;256.0;1.533333333;11.0;2.0;0.0;6.0;212.0
124.166666667;0.0;False;0.0;1.0;889.0;1.241666667;90.0;62.0;0.0;107.0;618.0
19.5;0.0;False;0.0;0.0;107.0;2.166666667;9.0;0.0;0.0;0.0;52.0
0.0;0.0;False;0.0;0.0;0.0;0.0;0.0;0.0;0.0;0.0;0.0
93.0;0.0;False;0.0;39.0;730.0;2.384615385;7.0;0.0;0.0;7.0;611.0
93.0;0.0;False;0.0;39.0;730.0;2.384615385;7.0;0.0;0.0;7.0;611.0
93.0;0.0;False;0.0;39.0;730.0;2.384615385;7.0;0.0;0.0;7.0;611.0
93.0;0.0;False;0.0;39.0;730.0;2.384615385;7.0;0.0;0.0;7.0;611.0
93.0;0.0;False;0.0;39.0;730.0;2.384615385;7.0;0.0;0.0;7.0;611.0
93.0;0.0;False;0.0;39.0;730.0;2.384615385;7.0;0.0;0.0;7.0;611.0
93.0;0.0;False;0.0;39.0;730.0;2.384615385;7.0;0.0;0.0;7.0;611.0
93.0;0.0;False;0.0;39.0;730.0;2.384615385;7.0;0.0;0.0;7.0;611.0
38.0;0.0;False;0.0;2.0;174.0;2.923076923;5.0;0.0;0.0;6.0;150.0
7.666666667;0.0;False;0.0;0.0;28.0;2.555555556;3.0;0.0;0.0;1.0;19.0
11.5;0.0;False;0.0;0.0;63.0;2.3;3.0;1.0;0.0;1.0;44.0
51.5;0.0;False;0.0;0.0;230.0;3.21875;5.0;0.0;0.0;9.0;193.0
9.0;0.0;False;0.0;5.0;38.0;1.8;3.0;0.0;0.0;2.0;31.0
21.5;0.0;False;0.0;0.0;93.0;1.535714286;13.0;0.0;0.0;0.0;64.0
11.0;0.0;False;0.0;0.0;58.0;1.375;6.0;0.0;0.0;0.0;39.0
11.0;0.0;False;0.0;0.0;66.0;1.1;10.0;0.0;0.0;0.0;45.0
10.0;0.0;False;0.0;0.0;42.0;1.428571429;6.0;0.0;0.0;0.0;28.0
21.0;0.0;False;0.0;0.0;103.0;1.235294118;16.0;0.0;0.0;0.0;72.0
10.0;0.0;False;0.0;0.0;43.0;1.428571429;6.0;0.0;0.0;0.0;28.0
16.0;0.0;False;0.0;4.0;81.0;2.666666667;2.0;0.0;0.0;0.0;61.0
2.0;0.0;False;0.0;0.0;6.0;2.0;1.0;0.0;0.0;0.0;5.0
3.0;0.0;False;0.0;0.0;21.0;1.5;2.0;0.0;0.0;1.0;16.0
2.0;0.0;False;0.0;0.0;42.0;1.0;0.0;0.0;0.0;1.0;29.0
2.0;0.0;False;0.0;0.0;42.0;1.0;0.0;0.0;0.0;1.0;29.0
0.0;0.0;False;0.0;0.0;0.0;0.0;0.0;0.0;0.0;0.0;0.0
6.0;0.0;False;0.0;0.0;39.0;2.0;2.0;0.0;0.0;0.0;30.0
4.0;0.0;False;0.0;0.0;26.0;1.333333333;3.0;0.0;0.0;1.0;16.0
8.0;0.0;False;0.0;1.0;105.0;2.666666667;1.0;0.0;0.0;3.0;78.0
5.0;0.0;False;0.0;1.0;51.0;2.5;1.0;0.0;0.0;0.0;23.0
4.0;0.0;False;0.0;0.0;17.0;4.0;1.0;0.0;0.0;0.0;13.0
3.0;0.0;False;0.0;0.0;58.0;3.0;1.0;1.0;0.0;1.0;5.0
6.0;0.0;False;0.0;0.0;110.0;3.0;2.0;0.0;0.0;1.0;64.0
16.0;0.0;True;0.0;0.0;90.0;4.0;4.0;0.0;0.0;1.0;50.0
16.0;0.0;True;0.0;0.0;90.0;4.0;4.0;0.0;0.0;1.0;50.0
3.0;0.0;False;0.0;0.0;8.0;3.0;1.0;0.0;0.0;0.0;5.0
17.0;0.0;False;0.0;0.0;123.0;1.416666667;12.0;0.0;0.0;1.0;77.0
17.0;0.0;False;0.0;0.0;123.0;1.416666667;12.0;0.0;0.0;1.0;77.0
17.0;0.0;False;0.0;0.0;206.0;1.416666667;12.0;0.0;0.0;1.0;138.0
17.0;0.0;False;0.0;0.0;206.0;1.416666667;12.0;0.0;0.0;1.0;138.0
4.0;0.0;False;0.0;0.0;26.0;0.8;5.0;0.0;0.0;0.0;14.0
1.0;0.0;False;0.0;0.0;8.0;1.0;0.0;0.0;0.0;0.0;5.0
5.0;0.0;False;0.0;0.0;28.0;1.666666667;2.0;0.0;0.0;0.0;22.0
7.0;0.0;False;0.0;0.0;32.0;1.166666667;6.0;0.0;0.0;0.0;18.0
7.0;0.0;False;0.0;0.0;25.0;1.75;4.0;0.0;0.0;0.0;16.0
13.666666667000001;0.0;False;0.0;1.0;116.0;1.242424242;9.0;1.0;0.0;3.0;92.0
5.0;0.0;False;0.0;0.0;13.0;2.5;2.0;0.0;0.0;0.0;8.0
2.0;0.0;False;0.0;0.0;14.0;1.0;2.0;0.0;0.0;0.0;10.0
5.0;0.0;False;0.0;0.0;36.0;2.5;2.0;0.0;0.0;1.0;10.0
2.0;0.0;False;0.0;0.0;15.0;1.0;2.0;0.0;0.0;0.0;10.0
2.0;0.0;False;0.0;1.0;30.0;2.0;1.0;0.0;0.0;1.0;15.0
21.0;0.0;False;0.0;0.0;65.0;2.625;7.0;0.0;0.0;0.0;49.0
2.0;0.0;False;0.0;0.0;12.0;1.0;2.0;0.0;0.0;0.0;9.0
3.0;0.0;False;0.0;0.0;39.0;0.75;4.0;1.0;0.0;1.0;24.0
3.0;0.0;False;0.0;0.0;31.0;0.75;4.0;1.0;0.0;1.0;20.0
7.0;0.0;False;0.0;0.0;30.0;1.75;4.0;0.0;0.0;0.0;19.0
6.0;0.0;False;0.0;0.0;57.0;1.2;4.0;0.0;0.0;1.0;42.0
26.0;0.0;False;0.0;0.0;165.0;1.857142857;10.0;0.0;0.0;1.0;127.0
7.0;0.0;False;0.0;0.0;37.0;1.0;7.0;4.0;0.0;0.0;30.0
0.0;0.0;False;0.0;0.0;0.0;0.0;0.0;0.0;0.0;0.0;0.0
3.0;0.0;False;0.0;0.0;28.0;0.75;4.0;0.0;0.0;1.0;19.0
28.0;0.0;False;0.0;1.0;164.0;1.75;15.0;0.0;0.0;3.0;118.0
32.0;0.0;False;0.0;0.0;157.0;2.666666667;11.0;0.0;0.0;1.0;127.0
46.0;0.0;True;0.0;0.0;434.0;1.916666667;20.0;1.0;0.0;8.0;351.0
3.0;0.0;False;0.0;0.0;31.0;0.75;4.0;0.0;0.0;1.0;20.0
11.0;0.0;False;0.0;1.0;210.0;1.222222222;7.0;0.0;0.0;4.0;170.0
54.0;0.0;True;0.0;5.0;617.0;1.862068966;23.0;6.0;0.0;8.0;292.0
54.0;0.0;True;0.0;5.0;617.0;1.862068966;23.0;6.0;0.0;8.0;292.0
54.0;0.0;True;0.0;5.0;617.0;1.862068966;23.0;6.0;0.0;8.0;292.0
42.0;0.0;False;0.0;0.0;187.0;2.625;14.0;0.0;0.0;2.0;137.0
8.0;0.0;False;0.0;0.0;59.0;1.142857143;7.0;0.0;0.0;0.0;41.0
8.0;0.0;False;0.0;0.0;59.0;1.142857143;7.0;0.0;0.0;0.0;41.0
77.0;0.0;False;0.0;3.0;932.0;1.87804878;25.0;0.0;0.0;4.0;655.0
77.0;0.0;False;0.0;3.0;932.0;1.87804878;25.0;0.0;0.0;4.0;655.0
77.0;0.0;False;0.0;3.0;932.0;1.87804878;25.0;0.0;0.0;4.0;655.0
77.0;0.0;False;0.0;3.0;932.0;1.87804878;25.0;0.0;0.0;4.0;655.0
77.0;0.0;False;0.0;3.0;932.0;1.87804878;25.0;0.0;0.0;4.0;655.0
20.0;0.0;False;0.0;0.0;90.0;1.428571429;14.0;0.0;0.0;0.0;71.0
5.0;0.0;False;0.0;0.0;34.0;1.25;4.0;0.0;0.0;2.0;28.0
8.0;0.0;False;0.0;0.0;29.0;1.333333333;6.0;0.0;0.0;0.0;22.0
0.0;0.0;False;0.0;0.0;0.0;0.0;0.0;0.0;0.0;0.0;0.0
4.0;0.0;False;0.0;0.0;32.0;2.0;2.0;0.0;0.0;2.0;25.0
0.0;0.0;False;0.0;0.0;0.0;0.0;0.0;0.0;0.0;0.0;0.0
2.0;0.0;False;0.0;0.0;4.0;2.0;0.0;0.0;0.0;0.0;3.0
4.0;0.0;False;0.0;0.0;32.0;2.0;2.0;0.0;0.0;2.0;25.0
4.0;0.0;False;0.0;0.0;27.0;2.0;2.0;0.0;0.0;1.0;22.0
4.0;0.0;False;0.0;0.0;65.0;2.0;2.0;0.0;0.0;3.0;55.0
4.0;0.0;False;0.0;0.0;27.0;2.0;2.0;0.0;0.0;1.0;22.0
4.0;0.0;False;0.0;0.0;66.0;2.0;2.0;0.0;0.0;3.0;55.0
4.0;0.0;False;0.0;0.0;40.0;2.0;2.0;0.0;0.0;4.0;35.0
7.0;0.0;False;0.0;0.0;30.0;1.166666667;6.0;0.0;0.0;0.0;23.0
5.0;0.0;False;0.0;2.0;52.0;2.5;2.0;0.0;0.0;1.0;38.0
3.0;0.0;False;0.0;0.0;9.0;3.0;1.0;0.0;0.0;0.0;5.0
10.0;0.0;False;0.0;0.0;246.0;1.25;3.0;0.0;0.0;7.0;145.0
10.0;0.0;False;0.0;0.0;246.0;1.25;3.0;0.0;0.0;7.0;145.0
10.0;0.0;False;0.0;0.0;246.0;1.25;3.0;0.0;0.0;7.0;145.0
4.0;0.0;False;0.0;3.0;47.0;1.333333333;2.0;0.0;0.0;2.0;31.0
1.0;0.0;False;0.0;0.0;17.0;1.0;0.0;0.0;0.0;0.0;9.0
22.0;0.0;False;0.0;11.0;221.0;2.0;2.0;1.0;0.0;5.0;141.0
22.0;0.0;False;0.0;11.0;221.0;2.0;2.0;1.0;0.0;5.0;141.0
22.0;0.0;False;0.0;11.0;221.0;2.0;2.0;1.0;0.0;5.0;141.0
22.0;0.0;False;0.0;11.0;221.0;2.0;2.0;1.0;0.0;5.0;141.0
22.0;0.0;False;0.0;11.0;221.0;2.0;2.0;1.0;0.0;5.0;141.0
22.0;0.0;False;0.0;11.0;221.0;2.0;2.0;1.0;0.0;5.0;141.0
9.0;0.0;False;0.0;0.0;39.0;1.0;0.0;0.0;0.0;0.0;22.0
9.0;0.0;False;0.0;0.0;39.0;1.0;0.0;0.0;0.0;0.0;22.0
9.0;0.0;False;0.0;0.0;39.0;1.0;0.0;0.0;0.0;0.0;22.0
6.0;0.0;False;0.0;3.0;45.0;2.0;1.0;0.0;0.0;0.0;31.0
54.0;0.0;False;0.0;13.0;565.0;4.153846154;6.0;2.0;0.0;8.0;379.0
54.0;0.0;False;0.0;13.0;565.0;4.153846154;6.0;2.0;0.0;8.0;379.0
10.0;0.0;False;0.0;0.0;146.0;1.0;9.0;0.0;0.0;0.0;81.0
10.0;0.0;False;0.0;0.0;146.0;1.0;9.0;0.0;0.0;0.0;81.0
10.0;0.0;False;0.0;0.0;146.0;1.0;9.0;0.0;0.0;0.0;81.0
14.0;0.0;False;0.0;0.0;41.0;1.75;0.0;0.0;0.0;0.0;10.0
10.0;0.0;False;0.0;0.0;85.0;1.666666667;6.0;0.0;0.0;0.0;61.0
0.0;0.0;False;0.0;0.0;15.0;0.0;0.0;0.0;0.0;4.0;12.0
0.0;0.0;False;0.0;0.0;86.0;0.0;0.0;0.0;0.0;21.0;70.0
0.0;0.0;False;0.0;0.0;86.0;0.0;0.0;0.0;0.0;21.0;70.0
2.0;0.0;False;0.0;0.0;28.0;2.0;1.0;0.0;0.0;1.0;24.0
5.0;0.0;False;0.0;0.0;16.0;2.5;2.0;0.0;0.0;0.0;10.0
5.0;0.0;False;0.0;0.0;26.0;2.5;2.0;0.0;0.0;7.0;18.0
4.5;0.0;False;0.0;0.0;46.0;1.125;2.0;0.0;0.0;3.0;36.0
5.5;0.0;False;0.0;0.0;51.0;1.1;3.0;0.0;0.0;3.0;39.0
4.0;0.0;False;0.0;0.0;56.0;1.0;1.0;0.0;0.0;2.0;49.0
5.5;0.0;False;0.0;0.0;47.0;1.375;1.0;0.0;0.0;2.0;39.0
7.0;0.0;False;0.0;4.0;45.0;1.75;0.0;0.0;0.0;1.0;38.0
3.0;0.0;False;0.0;0.0;24.0;1.5;2.0;0.0;0.0;0.0;19.0
829.5689655169998;0.0;False;0.0;2.0;2041.0;27.652298850999998;19.0;2.0;0.0;3.0;1644.0
829.5689655169998;0.0;False;0.0;2.0;2041.0;27.652298850999998;19.0;2.0;0.0;3.0;1644.0
829.5689655169998;0.0;False;0.0;2.0;2041.0;27.652298850999998;19.0;2.0;0.0;3.0;1644.0
829.5689655169998;0.0;False;0.0;2.0;2041.0;27.652298850999998;19.0;2.0;0.0;3.0;1644.0
829.5689655169998;0.0;False;0.0;2.0;2041.0;27.652298850999998;19.0;2.0;0.0;3.0;1644.0
829.5689655169998;0.0;False;0.0;2.0;2041.0;27.652298850999998;19.0;2.0;0.0;3.0;1644.0
829.5689655169998;0.0;False;0.0;2.0;2041.0;27.652298850999998;19.0;2.0;0.0;3.0;1644.0
829.5689655169998;0.0;False;0.0;2.0;2041.0;27.652298850999998;19.0;2.0;0.0;3.0;1644.0
829.5689655169998;0.0;False;0.0;2.0;2041.0;27.652298850999998;19.0;2.0;0.0;3.0;1644.0
829.5689655169998;0.0;False;0.0;2.0;2041.0;27.652298850999998;19.0;2.0;0.0;3.0;1644.0
829.5689655169998;0.0;False;0.0;2.0;2041.0;27.652298850999998;19.0;2.0;0.0;3.0;1644.0
829.5689655169998;0.0;False;0.0;2.0;2041.0;27.652298850999998;19.0;2.0;0.0;3.0;1644.0
829.5689655169998;0.0;False;0.0;2.0;2041.0;27.652298850999998;19.0;2.0;0.0;3.0;1644.0
829.5689655169998;0.0;False;0.0;2.0;2041.0;27.652298850999998;19.0;2.0;0.0;3.0;1644.0
829.5689655169998;0.0;False;0.0;2.0;2041.0;27.652298850999998;19.0;2.0;0.0;3.0;1644.0
829.5689655169998;0.0;False;0.0;2.0;2041.0;27.652298850999998;19.0;2.0;0.0;3.0;1644.0
829.5689655169998;0.0;False;0.0;2.0;2041.0;27.652298850999998;19.0;2.0;0.0;3.0;1644.0
829.5689655169998;0.0;False;0.0;2.0;2041.0;27.652298850999998;19.0;2.0;0.0;3.0;1644.0
829.5689655169998;0.0;False;0.0;2.0;2041.0;27.652298850999998;19.0;2.0;0.0;3.0;1644.0
829.5689655169998;0.0;False;0.0;2.0;2041.0;27.652298850999998;19.0;2.0;0.0;3.0;1644.0
829.5689655169998;0.0;False;0.0;2.0;2041.0;27.652298850999998;19.0;2.0;0.0;3.0;1644.0
829.5689655169998;0.0;False;0.0;2.0;2041.0;27.652298850999998;19.0;2.0;0.0;3.0;1644.0
829.5689655169998;0.0;False;0.0;2.0;2041.0;27.652298850999998;19.0;2.0;0.0;3.0;1644.0
829.5689655169998;0.0;False;0.0;2.0;2041.0;27.652298850999998;19.0;2.0;0.0;3.0;1644.0
829.5689655169998;0.0;False;0.0;2.0;2041.0;27.652298850999998;19.0;2.0;0.0;3.0;1644.0
829.5689655169998;0.0;False;0.0;2.0;2041.0;27.652298850999998;19.0;2.0;0.0;3.0;1644.0
829.5689655169998;0.0;False;0.0;2.0;2041.0;27.652298850999998;19.0;2.0;0.0;3.0;1644.0
829.5689655169998;0.0;False;0.0;2.0;2041.0;27.652298850999998;19.0;2.0;0.0;3.0;1644.0
829.5689655169998;0.0;False;0.0;2.0;2041.0;27.652298850999998;19.0;2.0;0.0;3.0;1644.0
829.5689655169998;0.0;False;0.0;2.0;2041.0;27.652298850999998;19.0;2.0;0.0;3.0;1644.0
829.5689655169998;0.0;False;0.0;2.0;2041.0;27.652298850999998;19.0;2.0;0.0;3.0;1644.0
829.5689655169998;0.0;False;0.0;2.0;2041.0;27.652298850999998;19.0;2.0;0.0;3.0;1644.0
8.0;0.0;False;0.0;0.0;44.0;1.333333333;6.0;0.0;0.0;0.0;34.0
8.0;0.0;False;0.0;4.0;94.0;2.0;3.0;0.0;0.0;3.0;71.0
16.0;0.0;False;0.0;1.0;188.0;2.666666667;3.0;2.0;0.0;6.0;84.0
9.0;0.0;False;0.0;0.0;42.0;1.5;0.0;0.0;0.0;0.0;8.0
8.0;0.0;False;0.0;0.0;78.0;2.0;4.0;0.0;0.0;0.0;26.0
8.0;0.0;False;0.0;0.0;78.0;2.0;4.0;0.0;0.0;0.0;26.0
10.0;0.0;False;0.0;0.0;47.0;1.666666667;6.0;0.0;0.0;0.0;22.0
10.0;0.0;False;0.0;0.0;47.0;1.666666667;6.0;0.0;0.0;0.0;22.0
18.0;0.0;False;0.0;0.0;243.0;1.8;7.0;0.0;0.0;1.0;94.0
7.0;0.0;False;0.0;0.0;30.0;1.0;0.0;0.0;0.0;0.0;9.0
0.0;0.0;False;0.0;0.0;0.0;0.0;0.0;0.0;0.0;0.0;0.0
0.0;0.0;False;0.0;0.0;0.0;0.0;0.0;0.0;0.0;0.0;0.0
0.0;0.0;False;0.0;0.0;0.0;0.0;0.0;0.0;0.0;0.0;0.0
0.0;0.0;False;0.0;0.0;0.0;0.0;0.0;0.0;0.0;0.0;0.0
0.0;0.0;False;0.0;0.0;0.0;0.0;0.0;0.0;0.0;0.0;0.0
0.0;0.0;False;0.0;0.0;0.0;0.0;0.0;0.0;0.0;0.0;0.0
0.0;0.0;False;0.0;0.0;0.0;0.0;0.0;0.0;0.0;0.0;0.0
0.0;0.0;False;0.0;0.0;0.0;0.0;0.0;0.0;0.0;0.0;0.0
0.0;0.0;False;0.0;0.0;0.0;0.0;0.0;0.0;0.0;0.0;0.0
0.0;0.0;False;0.0;0.0;0.0;0.0;0.0;0.0;0.0;0.0;0.0
0.0;0.0;False;0.0;0.0;0.0;0.0;0.0;0.0;0.0;0.0;0.0
0.0;0.0;False;0.0;0.0;0.0;0.0;0.0;0.0;0.0;0.0;0.0
0.0;0.0;False;0.0;0.0;0.0;0.0;0.0;0.0;0.0;0.0;0.0
0.0;0.0;False;0.0;0.0;0.0;0.0;0.0;0.0;0.0;0.0;0.0
0.0;0.0;False;0.0;0.0;0.0;0.0;0.0;0.0;0.0;0.0;0.0
0.0;0.0;False;0.0;0.0;0.0;0.0;0.0;0.0;0.0;0.0;0.0
0.0;0.0;False;0.0;0.0;0.0;0.0;0.0;0.0;0.0;0.0;0.0
0.0;0.0;False;0.0;0.0;0.0;0.0;0.0;0.0;0.0;0.0;0.0
0.0;0.0;False;0.0;0.0;0.0;0.0;0.0;0.0;0.0;0.0;0.0
0.0;0.0;False;0.0;0.0;0.0;0.0;0.0;0.0;0.0;0.0;0.0
0.0;0.0;True;0.0;0.0;0.0;0.0;0.0;0.0;0.0;0.0;0.0
0.0;0.0;False;0.0;0.0;0.0;0.0;0.0;0.0;0.0;0.0;0.0
0.0;0.0;False;0.0;0.0;0.0;0.0;0.0;0.0;0.0;0.0;0.0
0.0;0.0;False;0.0;0.0;0.0;0.0;0.0;0.0;0.0;0.0;0.0
0.0;0.0;False;0.0;0.0;0.0;0.0;0.0;0.0;0.0;0.0;0.0
0.0;0.0;False;0.0;0.0;0.0;0.0;0.0;0.0;0.0;0.0;0.0
0.0;0.0;False;0.0;0.0;0.0;0.0;0.0;0.0;0.0;0.0;0.0
0.0;0.0;False;0.0;0.0;0.0;0.0;0.0;0.0;0.0;0.0;0.0
0.0;0.0;False;0.0;0.0;0.0;0.0;0.0;0.0;0.0;0.0;0.0
0.0;0.0;False;0.0;0.0;0.0;0.0;0.0;0.0;0.0;0.0;0.0
0.0;0.0;False;0.0;0.0;0.0;0.0;0.0;0.0;0.0;0.0;0.0
0.0;0.0;False;0.0;0.0;0.0;0.0;0.0;0.0;0.0;0.0;0.0
0.0;0.0;False;0.0;0.0;0.0;0.0;0.0;0.0;0.0;0.0;0.0
0.0;0.0;False;0.0;0.0;0.0;0.0;0.0;0.0;0.0;0.0;0.0
0.0;0.0;False;0.0;0.0;0.0;0.0;0.0;0.0;0.0;0.0;0.0
0.0;0.0;False;0.0;0.0;0.0;0.0;0.0;0.0;0.0;0.0;0.0
0.0;0.0;False;0.0;0.0;0.0;0.0;0.0;0.0;0.0;0.0;0.0
0.0;0.0;False;0.0;0.0;0.0;0.0;0.0;0.0;0.0;0.0;0.0
0.0;0.0;False;0.0;0.0;0.0;0.0;0.0;0.0;0.0;0.0;0.0
0.0;0.0;False;0.0;0.0;0.0;0.0;0.0;0.0;0.0;0.0;0.0
0.0;0.0;False;0.0;0.0;0.0;0.0;0.0;0.0;0.0;0.0;0.0
0.0;0.0;False;0.0;0.0;0.0;0.0;0.0;0.0;0.0;0.0;0.0
0.0;0.0;False;0.0;0.0;0.0;0.0;0.0;0.0;0.0;0.0;0.0
0.0;0.0;False;0.0;0.0;0.0;0.0;0.0;0.0;0.0;0.0;0.0
0.0;0.0;False;0.0;0.0;0.0;0.0;0.0;0.0;0.0;0.0;0.0
0.0;0.0;False;0.0;0.0;0.0;0.0;0.0;0.0;0.0;0.0;0.0
0.0;0.0;False;0.0;0.0;0.0;0.0;0.0;0.0;0.0;0.0;0.0
0.0;0.0;False;0.0;0.0;0.0;0.0;0.0;0.0;0.0;0.0;0.0
0.0;0.0;False;0.0;0.0;0.0;0.0;0.0;0.0;0.0;0.0;0.0
0.0;0.0;False;0.0;0.0;0.0;0.0;0.0;0.0;0.0;0.0;0.0
0.0;0.0;False;0.0;0.0;0.0;0.0;0.0;0.0;0.0;0.0;0.0
0.0;0.0;False;0.0;0.0;0.0;0.0;0.0;0.0;0.0;0.0;0.0
0.0;0.0;False;0.0;0.0;0.0;0.0;0.0;0.0;0.0;0.0;0.0
0.0;0.0;False;0.0;0.0;0.0;0.0;0.0;0.0;0.0;0.0;0.0
0.0;0.0;False;0.0;0.0;0.0;0.0;0.0;0.0;0.0;0.0;0.0
0.0;0.0;False;0.0;0.0;0.0;0.0;0.0;0.0;0.0;0.0;0.0
0.0;0.0;False;0.0;0.0;0.0;0.0;0.0;0.0;0.0;0.0;0.0
0.0;0.0;False;0.0;0.0;0.0;0.0;0.0;0.0;0.0;0.0;0.0
0.0;0.0;False;0.0;0.0;0.0;0.0;0.0;0.0;0.0;0.0;0.0
0.0;0.0;False;0.0;0.0;0.0;0.0;0.0;0.0;0.0;0.0;0.0
0.0;0.0;False;0.0;0.0;0.0;0.0;0.0;0.0;0.0;0.0;0.0
0.0;0.0;False;0.0;0.0;0.0;0.0;0.0;0.0;0.0;0.0;0.0
0.0;0.0;False;0.0;0.0;0.0;0.0;0.0;0.0;0.0;0.0;0.0
0.0;0.0;False;0.0;0.0;0.0;0.0;0.0;0.0;0.0;0.0;0.0
0.0;0.0;False;0.0;0.0;0.0;0.0;0.0;0.0;0.0;0.0;0.0
0.0;0.0;False;0.0;0.0;0.0;0.0;0.0;0.0;0.0;0.0;0.0
0.0;0.0;False;0.0;0.0;0.0;0.0;0.0;0.0;0.0;0.0;0.0
0.0;0.0;False;0.0;0.0;0.0;0.0;0.0;0.0;0.0;0.0;0.0
0.0;0.0;False;0.0;0.0;0.0;0.0;0.0;0.0;0.0;0.0;0.0
0.0;0.0;False;0.0;0.0;0.0;0.0;0.0;0.0;0.0;0.0;0.0
18.0;0.0;False;0.0;0.0;39.0;6.0;3.0;0.0;0.0;0.0;20.0
18.0;0.0;False;0.0;0.0;39.0;6.0;3.0;0.0;0.0;0.0;20.0
18.0;0.0;False;0.0;0.0;39.0;6.0;3.0;0.0;0.0;0.0;20.0
64.0;0.0;False;0.0;1.0;707.0;2.37037037;14.0;0.0;0.0;13.0;478.0
64.0;0.0;False;0.0;1.0;707.0;2.37037037;14.0;0.0;0.0;13.0;478.0
64.0;0.0;False;0.0;1.0;707.0;2.37037037;14.0;0.0;0.0;13.0;478.0
64.0;0.0;False;0.0;1.0;707.0;2.37037037;14.0;0.0;0.0;13.0;478.0
64.0;0.0;False;0.0;1.0;707.0;2.37037037;14.0;0.0;0.0;13.0;478.0
64.0;0.0;False;0.0;1.0;707.0;2.37037037;14.0;0.0;0.0;13.0;478.0
64.0;0.0;False;0.0;1.0;707.0;2.37037037;14.0;0.0;0.0;13.0;478.0
18.0;0.0;False;0.0;0.0;32.0;6.0;3.0;0.0;0.0;0.0;21.0
18.0;0.0;False;0.0;0.0;32.0;6.0;3.0;0.0;0.0;0.0;21.0
18.0;0.0;False;0.0;0.0;32.0;6.0;3.0;0.0;0.0;0.0;21.0
30.0;0.0;False;0.0;0.0;80.0;6.0;5.0;0.0;0.0;0.0;47.0
18.0;0.0;False;0.0;0.0;32.0;6.0;3.0;0.0;0.0;0.0;21.0
18.0;0.0;False;0.0;0.0;32.0;6.0;3.0;0.0;0.0;0.0;21.0
18.0;0.0;False;0.0;0.0;32.0;6.0;3.0;0.0;0.0;0.0;21.0
6.5;0.0;False;0.0;0.0;56.0;1.625;3.0;0.0;0.0;0.0;39.0
6.5;0.0;False;0.0;0.0;56.0;1.625;3.0;0.0;0.0;0.0;39.0
2.0;0.0;False;0.0;0.0;12.0;1.0;2.0;0.0;0.0;0.0;8.0
20.0;0.0;False;0.0;10.0;149.0;2.0;2.0;0.0;0.0;0.0;135.0
20.0;0.0;False;0.0;10.0;149.0;2.0;2.0;0.0;0.0;0.0;135.0
8.0;0.0;False;0.0;0.0;34.0;1.333333333;6.0;0.0;0.0;0.0;22.0
9.0;0.0;False;0.0;0.0;49.0;1.0;9.0;0.0;0.0;0.0;35.0
11.0;0.0;False;0.0;0.0;62.0;1.0;11.0;0.0;0.0;0.0;45.0
17.0;0.0;False;0.0;0.0;104.0;1.0;17.0;2.0;0.0;0.0;69.0
4.0;0.0;False;0.0;0.0;22.0;1.0;2.0;0.0;0.0;0.0;14.0
0.0;0.0;False;0.0;0.0;0.0;0.0;0.0;0.0;0.0;0.0;0.0
0.0;0.0;False;0.0;0.0;0.0;0.0;0.0;0.0;0.0;0.0;0.0
4.0;0.0;False;0.0;0.0;29.0;1.333333333;3.0;0.0;0.0;1.0;21.0
13.0;0.0;False;0.0;0.0;74.0;1.0;13.0;0.0;0.0;0.0;47.0
4.0;0.0;False;0.0;0.0;24.0;1.0;4.0;0.0;0.0;0.0;16.0
4.0;0.0;False;0.0;0.0;25.0;1.0;4.0;0.0;0.0;0.0;16.0
8.0;0.0;False;0.0;0.0;48.0;1.0;8.0;0.0;0.0;0.0;30.0
14.0;0.0;False;0.0;0.0;83.0;1.0;14.0;0.0;0.0;0.0;51.0
0.0;0.0;False;0.0;0.0;0.0;0.0;0.0;0.0;0.0;0.0;0.0
2.0;0.0;False;0.0;0.0;20.0;2.0;1.0;0.0;0.0;0.0;17.0
1.0;0.0;False;0.0;0.0;9.0;1.0;1.0;0.0;0.0;0.0;6.0
0.0;0.0;False;0.0;0.0;0.0;0.0;0.0;0.0;0.0;0.0;0.0
3.0;0.0;False;0.0;0.0;8.0;1.5;0.0;0.0;0.0;0.0;4.0
9.0;0.0;False;0.0;0.0;98.0;1.5;3.0;5.0;0.0;9.0;73.0
5.5;0.0;False;0.0;0.0;55.0;1.375;2.0;1.0;0.0;7.0;39.0
4.0;0.0;False;0.0;0.0;22.0;1.0;2.0;0.0;0.0;0.0;14.0
0.0;0.0;False;0.0;0.0;0.0;0.0;0.0;0.0;0.0;0.0;0.0
0.0;0.0;False;0.0;0.0;0.0;0.0;0.0;0.0;0.0;0.0;0.0
3.5;0.0;False;0.0;0.0;24.0;0.875;3.0;0.0;0.0;0.0;17.0
1.0;0.0;False;0.0;1.0;14.0;1.0;1.0;0.0;0.0;1.0;10.0
4.5;0.0;False;0.0;0.0;23.0;1.125;3.0;0.0;0.0;0.0;17.0
1.0;0.0;False;0.0;0.0;9.0;1.0;1.0;0.0;0.0;0.0;6.0
14.0;0.0;False;0.0;0.0;42.0;1.076923077;0.0;0.0;0.0;0.0;15.0
15.666666667000001;0.0;False;0.0;0.0;322.0;1.5666666669999998;3.0;0.0;0.0;19.0;247.0
4.0;0.0;False;0.0;0.0;24.0;1.0;2.0;0.0;0.0;0.0;14.0
0.0;0.0;False;0.0;0.0;0.0;0.0;0.0;0.0;0.0;0.0;0.0
0.0;0.0;False;0.0;0.0;0.0;0.0;0.0;0.0;0.0;0.0;0.0
0.0;0.0;False;0.0;0.0;0.0;0.0;0.0;0.0;0.0;0.0;0.0
0.0;0.0;False;0.0;0.0;5.0;0.0;0.0;0.0;0.0;0.0;3.0
5.0;0.0;True;0.0;0.0;67.0;1.0;4.0;0.0;0.0;4.0;45.0
4.0;0.0;False;0.0;0.0;23.0;1.0;2.0;0.0;0.0;0.0;14.0
0.0;0.0;True;0.0;0.0;0.0;0.0;0.0;0.0;0.0;0.0;0.0
0.0;0.0;True;0.0;0.0;0.0;0.0;0.0;0.0;0.0;0.0;0.0
9.5;0.0;False;0.0;0.0;179.0;1.357142857;3.0;0.0;0.0;15.0;142.0
14.0;0.0;False;0.0;0.0;42.0;1.076923077;0.0;0.0;0.0;0.0;15.0
4.0;0.0;False;0.0;0.0;22.0;1.0;2.0;0.0;0.0;0.0;14.0
0.0;0.0;False;0.0;0.0;0.0;0.0;0.0;0.0;0.0;0.0;0.0
0.0;0.0;False;0.0;0.0;0.0;0.0;0.0;0.0;0.0;0.0;0.0
9.0;0.0;False;0.0;0.0;73.0;3.0;0.0;0.0;0.0;0.0;60.0
10.0;0.0;False;0.0;0.0;83.0;2.5;1.0;0.0;0.0;0.0;69.0
0.0;0.0;False;0.0;0.0;0.0;0.0;0.0;0.0;0.0;0.0;0.0
3.0;0.0;False;0.0;1.0;59.0;3.0;0.0;0.0;0.0;0.0;39.0
3.0;0.0;False;0.0;1.0;54.0;3.0;0.0;0.0;0.0;0.0;41.0
6.0;0.0;False;0.0;0.0;22.0;1.2;0.0;0.0;0.0;0.0;7.0
2.0;0.0;False;0.0;1.0;18.0;2.0;1.0;0.0;0.0;0.0;13.0
2.0;0.0;False;0.0;0.0;7.0;1.0;0.0;0.0;0.0;0.0;4.0
11.0;0.0;False;0.0;0.0;25.0;1.0;0.0;0.0;0.0;0.0;13.0
8.0;0.0;False;0.0;2.0;76.0;2.0;0.0;0.0;0.0;2.0;42.0
1.0;0.0;False;0.0;0.0;10.0;1.0;0.0;0.0;0.0;0.0;6.0
2.0;0.0;False;0.0;1.0;35.0;2.0;1.0;0.0;0.0;1.0;20.0
2.0;0.0;False;0.0;1.0;21.0;2.0;0.0;0.0;0.0;0.0;17.0
22.5;0.0;False;0.0;0.0;117.0;1.022727273;21.0;0.0;0.0;0.0;77.0
21.0;0.0;False;0.0;0.0;418.0;1.75;5.0;0.0;0.0;3.0;294.0
21.0;0.0;False;0.0;0.0;418.0;1.75;5.0;0.0;0.0;3.0;294.0
21.0;0.0;False;0.0;0.0;418.0;1.75;5.0;0.0;0.0;3.0;294.0
21.0;0.0;False;0.0;0.0;418.0;1.75;5.0;0.0;0.0;3.0;294.0
21.0;0.0;False;0.0;0.0;418.0;1.75;5.0;0.0;0.0;3.0;294.0
21.0;0.0;False;0.0;0.0;418.0;1.75;5.0;0.0;0.0;3.0;294.0
21.0;0.0;False;0.0;0.0;418.0;1.75;5.0;0.0;0.0;3.0;294.0
17.0;0.0;False;0.0;3.0;144.0;2.428571429;1.0;0.0;0.0;2.0;105.0
0.0;0.0;False;0.0;0.0;0.0;0.0;0.0;0.0;0.0;0.0;0.0
2.0;0.0;False;0.0;0.0;13.0;1.0;2.0;0.0;0.0;0.0;8.0
0.0;0.0;False;0.0;0.0;0.0;0.0;0.0;0.0;0.0;0.0;0.0
0.0;0.0;False;0.0;0.0;0.0;0.0;0.0;0.0;0.0;0.0;0.0
0.0;0.0;False;0.0;0.0;0.0;0.0;0.0;0.0;0.0;0.0;0.0
0.0;0.0;False;0.0;0.0;0.0;0.0;0.0;0.0;0.0;0.0;0.0
0.0;0.0;False;0.0;0.0;0.0;0.0;0.0;0.0;0.0;0.0;0.0
25.0;0.0;False;0.0;0.0;140.0;2.272727273;0.0;0.0;0.0;3.0;112.0
2.0;0.0;False;0.0;0.0;24.0;0.666666667;3.0;0.0;0.0;1.0;20.0
2.0;0.0;False;0.0;0.0;26.0;0.666666667;3.0;0.0;0.0;1.0;20.0
2.0;0.0;False;0.0;0.0;24.0;0.666666667;3.0;0.0;0.0;1.0;20.0
0.0;0.0;False;0.0;0.0;0.0;0.0;0.0;0.0;0.0;0.0;0.0
2.0;0.0;False;0.0;0.0;9.0;1.0;0.0;0.0;0.0;0.0;4.0
0.0;0.0;False;0.0;0.0;0.0;0.0;0.0;0.0;0.0;0.0;0.0
1.0;0.0;False;0.0;0.0;7.0;1.0;1.0;0.0;0.0;0.0;5.0
0.0;0.0;False;0.0;0.0;0.0;0.0;0.0;0.0;0.0;0.0;0.0
0.0;0.0;False;0.0;0.0;0.0;0.0;0.0;0.0;0.0;0.0;0.0
0.0;0.0;False;0.0;0.0;0.0;0.0;0.0;0.0;0.0;0.0;0.0
0.0;0.0;False;0.0;0.0;0.0;0.0;0.0;0.0;0.0;0.0;0.0
0.0;0.0;False;0.0;0.0;0.0;0.0;0.0;0.0;0.0;0.0;0.0
0.0;0.0;False;0.0;0.0;0.0;0.0;0.0;0.0;0.0;0.0;0.0
0.0;0.0;False;0.0;0.0;0.0;0.0;0.0;0.0;0.0;0.0;0.0
0.0;0.0;False;0.0;0.0;0.0;0.0;0.0;0.0;0.0;0.0;0.0
4.0;0.0;False;0.0;0.0;29.0;1.333333333;3.0;0.0;0.0;1.0;21.0
9.5;0.0;False;0.0;0.0;89.0;1.9;3.0;0.0;0.0;0.0;71.0
9.5;0.0;False;0.0;0.0;89.0;1.9;3.0;0.0;0.0;0.0;71.0
4.0;0.0;False;0.0;0.0;23.0;1.0;2.0;0.0;0.0;0.0;14.0
4.0;0.0;False;0.0;0.0;18.0;1.333333333;3.0;0.0;0.0;0.0;10.0
4.0;0.0;False;0.0;0.0;18.0;1.333333333;3.0;0.0;0.0;0.0;10.0
22.25;0.0;False;0.0;0.0;105.0;2.78125;4.0;0.0;0.0;2.0;87.0
1.0;0.0;False;0.0;0.0;9.0;1.0;1.0;0.0;0.0;0.0;6.0
3.0;0.0;False;0.0;0.0;20.0;1.5;1.0;0.0;0.0;0.0;8.0
2.0;0.0;False;0.0;0.0;11.0;1.0;1.0;1.0;0.0;1.0;9.0
0.0;0.0;False;0.0;0.0;0.0;0.0;0.0;0.0;0.0;0.0;0.0
0.0;0.0;False;0.0;0.0;0.0;0.0;0.0;0.0;0.0;0.0;0.0
2.0;0.0;False;0.0;0.0;11.0;1.0;1.0;1.0;0.0;1.0;9.0
1.0;0.0;False;0.0;0.0;9.0;1.0;1.0;0.0;0.0;0.0;6.0
8.0;0.0;False;0.0;0.0;18.0;1.6;0.0;0.0;0.0;0.0;7.0
0.0;0.0;False;0.0;0.0;0.0;0.0;0.0;0.0;0.0;0.0;0.0
0.0;0.0;False;0.0;0.0;0.0;0.0;0.0;0.0;0.0;0.0;0.0
0.0;0.0;False;0.0;0.0;0.0;0.0;0.0;0.0;0.0;0.0;0.0
8.0;0.0;False;0.0;0.0;48.0;1.0;8.0;0.0;0.0;0.0;29.0
6.0;0.0;False;0.0;0.0;42.0;1.5;2.0;0.0;0.0;0.0;33.0
26.5;0.0;False;0.0;0.0;65.0;2.409090909;3.0;0.0;0.0;0.0;45.0
12.0;0.0;False;0.0;0.0;72.0;1.0;11.0;0.0;0.0;0.0;58.0
1.0;0.0;False;0.0;0.0;20.0;0.5;2.0;1.0;0.0;1.0;16.0
22.0;0.0;False;0.0;2.0;201.0;1.692307692;8.0;0.0;0.0;0.0;156.0
22.0;0.0;False;0.0;2.0;201.0;1.692307692;8.0;0.0;0.0;0.0;156.0
22.0;0.0;False;0.0;2.0;201.0;1.692307692;8.0;0.0;0.0;0.0;156.0
22.0;0.0;False;0.0;2.0;201.0;1.692307692;8.0;0.0;0.0;0.0;156.0
22.0;0.0;False;0.0;2.0;201.0;1.692307692;8.0;0.0;0.0;0.0;156.0
0.0;0.0;False;0.0;0.0;0.0;0.0;0.0;0.0;0.0;0.0;0.0
7.0;0.0;False;0.0;0.0;10.0;0.875;0.0;0.0;0.0;0.0;10.0
10.0;0.0;False;0.0;0.0;41.0;2.5;3.0;0.0;0.0;0.0;35.0
0.0;0.0;False;0.0;0.0;0.0;0.0;0.0;0.0;0.0;0.0;0.0
3.0;0.0;False;0.0;0.0;14.0;1.5;1.0;0.0;0.0;0.0;10.0
13.0;0.0;False;0.0;3.0;29.0;3.25;4.0;0.0;0.0;0.0;22.0
0.0;0.0;False;0.0;0.0;0.0;0.0;0.0;0.0;0.0;0.0;0.0
1.0;0.0;False;0.0;0.0;20.0;0.5;2.0;1.0;0.0;1.0;16.0
40.5;0.0;False;0.0;4.0;275.0;2.025;15.0;0.0;0.0;5.0;198.0
22.4;0.0;False;0.0;1.0;260.0;3.733333333;2.0;2.0;0.0;2.0;194.0
22.4;0.0;False;0.0;1.0;260.0;3.733333333;2.0;2.0;0.0;2.0;194.0
22.4;0.0;False;0.0;1.0;260.0;3.733333333;2.0;2.0;0.0;2.0;194.0
22.4;0.0;False;0.0;1.0;260.0;3.733333333;2.0;2.0;0.0;2.0;194.0
22.4;0.0;False;0.0;1.0;260.0;3.733333333;2.0;2.0;0.0;2.0;194.0
0.0;0.0;False;0.0;0.0;0.0;0.0;0.0;0.0;0.0;0.0;0.0
3.0;0.0;False;0.0;0.0;48.0;0.75;4.0;1.0;0.0;2.0;38.0
1.0;0.0;False;0.0;1.0;33.0;1.0;1.0;0.0;0.0;1.0;20.0
4.0;0.0;False;0.0;0.0;28.0;2.0;1.0;0.0;0.0;0.0;15.0
4.0;0.0;False;0.0;0.0;28.0;2.0;1.0;0.0;0.0;0.0;15.0
4.0;0.0;False;0.0;0.0;28.0;2.0;1.0;0.0;0.0;0.0;15.0
10.0;0.0;False;0.0;1.0;35.0;1.428571429;7.0;1.0;0.0;1.0;26.0
4.0;0.0;False;0.0;0.0;28.0;2.0;1.0;0.0;0.0;0.0;15.0
4.0;0.0;False;0.0;0.0;28.0;2.0;1.0;0.0;0.0;0.0;15.0
4.0;0.0;False;0.0;0.0;28.0;2.0;1.0;0.0;0.0;0.0;15.0
4.0;0.0;False;0.0;0.0;28.0;2.0;1.0;0.0;0.0;0.0;15.0
4.0;0.0;False;0.0;0.0;28.0;2.0;1.0;0.0;0.0;0.0;15.0
4.0;0.0;False;0.0;0.0;28.0;2.0;1.0;0.0;0.0;0.0;15.0
5.0;0.0;False;0.0;0.0;18.0;1.666666667;3.0;0.0;0.0;0.0;14.0
5.0;0.0;False;0.0;0.0;78.0;2.5;1.0;0.0;0.0;0.0;35.0
5.0;0.0;False;0.0;0.0;78.0;2.5;1.0;0.0;0.0;0.0;35.0
5.0;0.0;False;0.0;0.0;78.0;2.5;1.0;0.0;0.0;0.0;35.0
5.0;0.0;False;0.0;0.0;30.0;2.5;1.0;0.0;0.0;0.0;17.0
5.0;0.0;False;0.0;0.0;30.0;2.5;1.0;0.0;0.0;0.0;17.0
5.0;0.0;False;0.0;0.0;30.0;2.5;1.0;0.0;0.0;0.0;17.0
11.0;0.0;False;0.0;0.0;34.0;1.833333333;6.0;0.0;0.0;0.0;27.0
2.0;0.0;False;0.0;0.0;4.0;2.0;0.0;0.0;0.0;0.0;3.0
19.0;0.0;False;0.0;0.0;66.0;1.266666667;15.0;0.0;0.0;0.0;50.0
4.0;0.0;False;0.0;0.0;28.0;2.0;1.0;0.0;0.0;0.0;15.0
4.0;0.0;False;0.0;0.0;28.0;2.0;1.0;0.0;0.0;0.0;15.0
4.0;0.0;False;0.0;0.0;28.0;2.0;1.0;0.0;0.0;0.0;15.0
5.0;0.0;False;0.0;0.0;31.0;2.5;1.0;0.0;0.0;0.0;17.0
5.0;0.0;False;0.0;0.0;31.0;2.5;1.0;0.0;0.0;0.0;17.0
5.0;0.0;False;0.0;0.0;31.0;2.5;1.0;0.0;0.0;0.0;17.0
5.0;0.0;False;0.0;0.0;31.0;2.5;1.0;0.0;0.0;0.0;17.0
5.0;0.0;False;0.0;0.0;31.0;2.5;1.0;0.0;0.0;0.0;17.0
5.0;0.0;False;0.0;0.0;31.0;2.5;1.0;0.0;0.0;0.0;17.0
5.0;0.0;False;0.0;0.0;44.0;2.5;1.0;0.0;0.0;0.0;17.0
5.0;0.0;False;0.0;0.0;44.0;2.5;1.0;0.0;0.0;0.0;17.0
5.0;0.0;False;0.0;0.0;44.0;2.5;1.0;0.0;0.0;0.0;17.0
5.0;0.0;False;0.0;0.0;68.0;2.5;1.0;0.0;0.0;0.0;30.0
5.0;0.0;False;0.0;0.0;68.0;2.5;1.0;0.0;0.0;0.0;30.0
5.0;0.0;False;0.0;0.0;68.0;2.5;1.0;0.0;0.0;0.0;30.0
8.0;0.0;False;0.0;0.0;30.0;1.6;5.0;0.0;0.0;0.0;24.0
6.0;0.0;False;0.0;0.0;65.0;3.0;1.0;0.0;0.0;0.0;33.0
6.0;0.0;False;0.0;0.0;65.0;3.0;1.0;0.0;0.0;0.0;33.0
6.0;0.0;False;0.0;0.0;65.0;3.0;1.0;0.0;0.0;0.0;33.0
9.0;0.0;False;0.0;0.0;28.0;1.8;5.0;0.0;0.0;0.0;22.0
6.0;0.0;False;0.0;0.0;96.0;3.0;1.0;0.0;0.0;0.0;48.0
6.0;0.0;False;0.0;0.0;96.0;3.0;1.0;0.0;0.0;0.0;48.0
6.0;0.0;False;0.0;0.0;96.0;3.0;1.0;0.0;0.0;0.0;48.0
8.0;0.0;False;0.0;0.0;30.0;1.333333333;6.0;0.0;0.0;0.0;23.0
6.0;0.0;False;0.0;0.0;76.0;3.0;1.0;0.0;0.0;0.0;34.0
6.0;0.0;False;0.0;0.0;76.0;3.0;1.0;0.0;0.0;0.0;34.0
6.0;0.0;False;0.0;0.0;76.0;3.0;1.0;0.0;0.0;0.0;34.0
5.0;0.0;False;0.0;0.0;159.0;2.5;1.0;0.0;0.0;0.0;91.0
5.0;0.0;False;0.0;0.0;159.0;2.5;1.0;0.0;0.0;0.0;91.0
5.0;0.0;False;0.0;0.0;159.0;2.5;1.0;0.0;0.0;0.0;91.0
6.0;0.0;False;0.0;0.0;32.0;3.0;1.0;0.0;0.0;0.0;19.0
6.0;0.0;False;0.0;0.0;32.0;3.0;1.0;0.0;0.0;0.0;19.0
6.0;0.0;False;0.0;0.0;32.0;3.0;1.0;0.0;0.0;0.0;19.0
8.0;0.0;False;0.0;0.0;30.0;1.333333333;6.0;0.0;0.0;0.0;23.0
6.0;0.0;False;0.0;0.0;33.0;3.0;1.0;0.0;0.0;0.0;19.0
6.0;0.0;False;0.0;0.0;33.0;3.0;1.0;0.0;0.0;0.0;19.0
6.0;0.0;False;0.0;0.0;33.0;3.0;1.0;0.0;0.0;0.0;19.0
5.0;0.0;False;0.0;0.0;48.0;2.5;0.0;0.0;0.0;0.0;28.0
5.0;0.0;False;0.0;0.0;48.0;2.5;0.0;0.0;0.0;0.0;28.0
5.0;0.0;False;0.0;0.0;48.0;2.5;0.0;0.0;0.0;0.0;28.0
14.0;0.0;False;0.0;7.0;33.0;2.0;7.0;0.0;0.0;1.0;24.0
4.0;0.0;False;0.0;0.0;38.0;2.0;0.0;0.0;0.0;0.0;20.0
4.0;0.0;False;0.0;0.0;38.0;2.0;0.0;0.0;0.0;0.0;20.0
4.0;0.0;False;0.0;0.0;38.0;2.0;0.0;0.0;0.0;0.0;20.0
4.0;0.0;False;0.0;0.0;44.0;2.0;0.0;0.0;0.0;0.0;25.0
4.0;0.0;False;0.0;0.0;44.0;2.0;0.0;0.0;0.0;0.0;25.0
4.0;0.0;False;0.0;0.0;44.0;2.0;0.0;0.0;0.0;0.0;25.0
4.0;0.0;False;0.0;0.0;103.0;2.0;0.0;0.0;0.0;0.0;55.0
4.0;0.0;False;0.0;0.0;103.0;2.0;0.0;0.0;0.0;0.0;55.0
4.0;0.0;False;0.0;0.0;103.0;2.0;0.0;0.0;0.0;0.0;55.0
4.0;0.0;False;0.0;0.0;41.0;2.0;0.0;0.0;0.0;0.0;25.0
4.0;0.0;False;0.0;0.0;41.0;2.0;0.0;0.0;0.0;0.0;25.0
4.0;0.0;False;0.0;0.0;41.0;2.0;0.0;0.0;0.0;0.0;25.0
4.0;0.0;False;0.0;0.0;49.0;2.0;0.0;0.0;0.0;0.0;28.0
4.0;0.0;False;0.0;0.0;49.0;2.0;0.0;0.0;0.0;0.0;28.0
4.0;0.0;False;0.0;0.0;49.0;2.0;0.0;0.0;0.0;0.0;28.0
4.0;0.0;False;0.0;0.0;39.0;2.0;0.0;0.0;0.0;0.0;23.0
4.0;0.0;False;0.0;0.0;39.0;2.0;0.0;0.0;0.0;0.0;23.0
4.0;0.0;False;0.0;0.0;39.0;2.0;0.0;0.0;0.0;0.0;23.0
4.0;0.0;False;0.0;0.0;64.0;2.0;1.0;0.0;0.0;0.0;38.0
4.0;0.0;False;0.0;0.0;64.0;2.0;1.0;0.0;0.0;0.0;38.0
4.0;0.0;False;0.0;0.0;64.0;2.0;1.0;0.0;0.0;0.0;38.0
4.0;0.0;False;0.0;0.0;71.0;2.0;2.0;0.0;0.0;0.0;43.0
4.0;0.0;False;0.0;0.0;71.0;2.0;2.0;0.0;0.0;0.0;43.0
4.0;0.0;False;0.0;0.0;71.0;2.0;2.0;0.0;0.0;0.0;43.0
12.0;0.0;False;0.0;6.0;29.0;2.0;6.0;0.0;0.0;1.0;21.0
4.0;0.0;False;0.0;0.0;64.0;2.0;1.0;0.0;0.0;0.0;38.0
4.0;0.0;False;0.0;0.0;64.0;2.0;1.0;0.0;0.0;0.0;38.0
4.0;0.0;False;0.0;0.0;64.0;2.0;1.0;0.0;0.0;0.0;38.0
4.0;0.0;False;0.0;0.0;30.0;2.0;1.0;0.0;0.0;0.0;15.0
4.0;0.0;False;0.0;0.0;30.0;2.0;1.0;0.0;0.0;0.0;15.0
4.0;0.0;False;0.0;0.0;30.0;2.0;1.0;0.0;0.0;0.0;15.0
4.0;0.0;False;0.0;0.0;65.0;2.0;1.0;0.0;0.0;0.0;40.0
4.0;0.0;False;0.0;0.0;65.0;2.0;1.0;0.0;0.0;0.0;40.0
4.0;0.0;False;0.0;0.0;65.0;2.0;1.0;0.0;0.0;0.0;40.0
4.0;0.0;False;0.0;0.0;37.0;2.0;1.0;0.0;0.0;0.0;20.0
4.0;0.0;False;0.0;0.0;37.0;2.0;1.0;0.0;0.0;0.0;20.0
4.0;0.0;False;0.0;0.0;37.0;2.0;1.0;0.0;0.0;0.0;20.0
4.0;0.0;False;0.0;0.0;24.0;2.0;0.0;0.0;0.0;0.0;15.0
4.0;0.0;False;0.0;0.0;24.0;2.0;0.0;0.0;0.0;0.0;15.0
4.0;0.0;False;0.0;0.0;24.0;2.0;0.0;0.0;0.0;0.0;15.0
2.0;0.0;False;0.0;1.0;8.0;2.0;1.0;0.0;0.0;1.0;6.0
11.0;0.0;False;0.0;0.0;50.0;2.75;1.0;0.0;0.0;0.0;29.0
0.0;0.0;False;0.0;0.0;0.0;0.0;0.0;0.0;0.0;0.0;0.0
0.0;0.0;False;0.0;0.0;0.0;0.0;0.0;0.0;0.0;0.0;0.0
7.5;0.0;False;0.0;0.0;43.0;1.875;1.0;0.0;0.0;0.0;30.0
4.0;0.0;False;0.0;0.0;29.0;2.0;0.0;0.0;0.0;0.0;25.0
16.0;0.0;False;0.0;7.0;39.0;2.285714286;7.0;0.0;0.0;0.0;23.0
3.0;0.0;False;0.0;0.0;17.0;1.5;1.0;3.0;0.0;3.0;12.0
6.0;0.0;False;0.0;0.0;26.0;2.0;1.0;0.0;0.0;0.0;15.0
4.0;0.0;False;0.0;0.0;37.0;2.0;0.0;0.0;0.0;0.0;20.0
4.0;0.0;False;0.0;0.0;37.0;2.0;0.0;0.0;0.0;0.0;20.0
4.0;0.0;False;0.0;0.0;37.0;2.0;0.0;0.0;0.0;0.0;20.0
4.0;0.0;False;0.0;0.0;61.0;2.0;0.0;0.0;0.0;0.0;33.0
4.0;0.0;False;0.0;0.0;61.0;2.0;0.0;0.0;0.0;0.0;33.0
4.0;0.0;False;0.0;0.0;61.0;2.0;0.0;0.0;0.0;0.0;33.0
4.0;0.0;False;0.0;2.0;13.0;2.0;2.0;0.0;0.0;1.0;9.0
4.0;0.0;False;0.0;0.0;39.0;2.0;0.0;0.0;0.0;0.0;23.0
4.0;0.0;False;0.0;0.0;39.0;2.0;0.0;0.0;0.0;0.0;23.0
4.0;0.0;False;0.0;0.0;39.0;2.0;0.0;0.0;0.0;0.0;23.0
4.0;0.0;False;0.0;0.0;38.0;2.0;0.0;0.0;0.0;0.0;20.0
4.0;0.0;False;0.0;0.0;38.0;2.0;0.0;0.0;0.0;0.0;20.0
4.0;0.0;False;0.0;0.0;38.0;2.0;0.0;0.0;0.0;0.0;20.0
4.0;0.0;False;0.0;0.0;32.0;2.0;1.0;0.0;0.0;0.0;18.0
4.0;0.0;False;0.0;0.0;32.0;2.0;1.0;0.0;0.0;0.0;18.0
4.0;0.0;False;0.0;0.0;32.0;2.0;1.0;0.0;0.0;0.0;18.0
4.0;0.0;False;0.0;0.0;48.0;2.0;0.0;0.0;0.0;0.0;25.0
4.0;0.0;False;0.0;0.0;48.0;2.0;0.0;0.0;0.0;0.0;25.0
4.0;0.0;False;0.0;0.0;48.0;2.0;0.0;0.0;0.0;0.0;25.0
8.0;0.0;False;0.0;4.0;21.0;2.0;4.0;0.0;0.0;1.0;15.0
27.0;0.0;False;0.0;0.0;64.0;1.421052632;0.0;0.0;0.0;0.0;21.0
5.0;0.0;False;0.0;0.0;13.0;1.666666667;0.0;0.0;0.0;0.0;5.0
4.0;0.0;False;0.0;0.0;17.0;2.0;2.0;0.0;0.0;0.0;13.0
0.0;0.0;False;0.0;0.0;0.0;0.0;0.0;0.0;0.0;0.0;0.0
92.0;0.0;False;0.0;0.0;417.0;1.033707865;0.0;8.0;0.0;11.0;111.0
14.0;0.0;False;0.0;0.0;23.0;1.75;0.0;0.0;0.0;0.0;10.0
3.0;0.0;False;0.0;1.0;13.0;3.0;0.0;0.0;0.0;0.0;11.0
11.0;0.0;False;0.0;0.0;30.0;1.833333333;0.0;0.0;0.0;0.0;8.0
4.0;0.0;False;0.0;0.0;15.0;1.333333333;3.0;0.0;0.0;0.0;8.0
7.0;0.0;False;0.0;0.0;26.0;1.166666667;0.0;0.0;0.0;0.0;8.0
33.0;0.0;False;0.0;0.0;85.0;2.75;3.0;0.0;0.0;0.0;63.0
19.0;0.0;False;0.0;0.0;29.0;1.4615384619999998;0.0;0.0;0.0;0.0;15.0
8.0;0.0;False;0.0;0.0;15.0;1.333333333;0.0;0.0;0.0;0.0;8.0
9.0;0.0;False;0.0;0.0;21.0;1.0;0.0;0.0;0.0;0.0;11.0
3.0;0.0;False;0.0;0.0;7.0;1.5;0.0;0.0;0.0;0.0;4.0
3.0;0.0;False;0.0;0.0;7.0;1.5;0.0;0.0;0.0;0.0;4.0
8.0;0.0;False;0.0;0.0;15.0;1.333333333;0.0;0.0;0.0;0.0;8.0
18.0;0.0;False;0.0;0.0;37.0;1.125;0.0;0.0;0.0;0.0;18.0
8.0;0.0;False;0.0;0.0;15.0;1.333333333;0.0;0.0;0.0;0.0;8.0
29.0;0.0;False;0.0;0.0;131.0;2.071428571;12.0;0.0;0.0;1.0;90.0
11.5;0.0;False;0.0;0.0;123.0;1.277777778;9.0;1.0;0.0;1.0;90.0
11.5;0.0;False;0.0;0.0;123.0;1.277777778;9.0;1.0;0.0;1.0;90.0
38.5;0.0;False;0.0;0.0;269.0;1.925;9.0;0.0;0.0;5.0;192.0
12.0;0.0;False;0.0;4.0;206.0;2.0;1.0;0.0;0.0;0.0;148.0
12.0;0.0;False;0.0;4.0;206.0;2.0;1.0;0.0;0.0;0.0;148.0
12.0;0.0;False;0.0;4.0;206.0;2.0;1.0;0.0;0.0;0.0;148.0
12.0;0.0;False;0.0;4.0;206.0;2.0;1.0;0.0;0.0;0.0;148.0
12.0;0.0;False;0.0;4.0;206.0;2.0;1.0;0.0;0.0;0.0;148.0
22.0;0.0;False;0.0;0.0;31.0;2.0;0.0;0.0;0.0;0.0;13.0
12.5;0.0;False;0.0;1.0;184.0;1.388888889;4.0;0.0;0.0;2.0;144.0
12.5;0.0;False;0.0;1.0;184.0;1.388888889;4.0;0.0;0.0;2.0;144.0
12.5;0.0;False;0.0;1.0;184.0;1.388888889;4.0;0.0;0.0;2.0;144.0
12.5;0.0;False;0.0;1.0;184.0;1.388888889;4.0;0.0;0.0;2.0;144.0
12.5;0.0;False;0.0;1.0;184.0;1.388888889;4.0;0.0;0.0;2.0;144.0
12.5;0.0;False;0.0;1.0;184.0;1.388888889;4.0;0.0;0.0;2.0;144.0
12.5;0.0;False;0.0;1.0;184.0;1.388888889;4.0;0.0;0.0;2.0;144.0
12.5;0.0;False;0.0;1.0;184.0;1.388888889;4.0;0.0;0.0;2.0;144.0
8.0;0.0;False;0.0;1.0;164.0;2.0;1.0;0.0;0.0;1.0;104.0
8.0;0.0;False;0.0;1.0;164.0;2.0;1.0;0.0;0.0;1.0;104.0
4.0;0.0;False;0.0;0.0;34.0;2.0;1.0;0.0;0.0;0.0;18.0
1.0;0.0;False;0.0;0.0;9.0;1.0;1.0;0.0;0.0;0.0;6.0
2.0;0.0;False;0.0;0.0;4.0;2.0;0.0;0.0;0.0;0.0;3.0
17.0;0.0;False;0.0;0.0;110.0;1.888888889;9.0;0.0;0.0;1.0;59.0
6.0;0.0;False;0.0;0.0;32.0;2.0;2.0;0.0;0.0;1.0;22.0
5.0;0.0;False;0.0;0.0;15.0;1.666666667;3.0;0.0;0.0;0.0;11.0
11.5;0.0;False;0.0;0.0;134.0;1.277777778;9.0;1.0;0.0;1.0;102.0
11.5;0.0;False;0.0;0.0;134.0;1.277777778;9.0;1.0;0.0;1.0;102.0
2.0;0.0;False;0.0;0.0;23.0;0.666666667;3.0;0.0;0.0;1.0;15.0
2.0;0.0;False;0.0;0.0;19.0;2.0;1.0;0.0;0.0;0.0;18.0
3.0;0.0;False;0.0;0.0;26.0;1.5;2.0;0.0;0.0;0.0;20.0
8.0;0.0;False;0.0;0.0;63.0;1.6;3.0;4.0;0.0;5.0;31.0
1.0;0.0;False;0.0;0.0;5.0;1.0;0.0;0.0;0.0;0.0;3.0
3.0;0.0;False;0.0;0.0;18.0;1.5;2.0;0.0;0.0;0.0;8.0
3.0;0.0;False;0.0;0.0;9.0;1.0;0.0;0.0;0.0;0.0;5.0
7.5;0.0;False;0.0;0.0;39.0;1.5;4.0;0.0;0.0;1.0;21.0
2.0;0.0;False;0.0;0.0;5.0;2.0;0.0;0.0;0.0;0.0;3.0
2.0;0.0;False;0.0;0.0;13.0;2.0;0.0;0.0;0.0;0.0;5.0
3.0;0.0;False;0.0;0.0;37.0;0.75;3.0;0.0;0.0;4.0;26.0
32.0;0.0;False;0.0;0.0;73.0;1.391304348;0.0;0.0;0.0;0.0;25.0
4.0;0.0;False;0.0;0.0;8.0;2.0;0.0;0.0;0.0;0.0;4.0
3.0;0.0;False;0.0;0.0;11.0;1.5;2.0;0.0;0.0;0.0;9.0
3.0;0.0;False;0.0;0.0;12.0;1.5;2.0;0.0;0.0;0.0;9.0
3.0;0.0;False;0.0;0.0;12.0;1.5;2.0;0.0;0.0;0.0;9.0
6.0;0.0;False;0.0;3.0;57.0;2.0;3.0;0.0;0.0;1.0;48.0
10.5;0.0;False;0.0;6.0;69.0;1.75;6.0;0.0;0.0;0.0;50.0
7.0;0.0;False;0.0;0.0;26.0;1.4;5.0;0.0;0.0;0.0;21.0
6.0;0.0;False;0.0;0.0;33.0;2.0;0.0;0.0;0.0;0.0;5.0
0.0;0.0;False;0.0;0.0;0.0;0.0;0.0;0.0;0.0;0.0;0.0
12.0;0.0;False;0.0;1.0;83.0;2.0;5.0;2.0;0.0;0.0;68.0
3.0;0.0;False;0.0;0.0;27.0;1.5;0.0;13.0;0.0;13.0;19.0
2.0;0.0;False;0.0;0.0;13.0;1.0;0.0;0.0;0.0;0.0;4.0
2.0;0.0;False;0.0;0.0;7.0;0.666666667;0.0;0.0;0.0;0.0;5.0
0.0;0.0;False;0.0;0.0;0.0;0.0;0.0;0.0;0.0;0.0;0.0
34.0;0.0;False;0.0;0.0;60.0;2.0;0.0;0.0;0.0;0.0;37.0
34.0;0.0;False;0.0;0.0;60.0;2.0;0.0;0.0;0.0;0.0;37.0
34.0;0.0;False;0.0;0.0;60.0;2.0;0.0;0.0;0.0;0.0;37.0
34.0;0.0;False;0.0;0.0;60.0;2.0;0.0;0.0;0.0;0.0;37.0
3.0;0.0;False;0.0;0.0;7.0;1.5;0.0;0.0;0.0;0.0;4.0
6.0;0.0;False;0.0;0.0;48.0;2.0;3.0;0.0;0.0;0.0;42.0
4.0;0.0;False;0.0;0.0;6.0;2.0;0.0;0.0;0.0;0.0;4.0
5.0;0.0;False;0.0;0.0;9.0;1.666666667;0.0;0.0;0.0;0.0;5.0
5.0;0.0;False;0.0;0.0;7.0;2.5;0.0;0.0;0.0;0.0;4.0
1.0;0.0;False;0.0;0.0;4.0;1.0;0.0;0.0;0.0;0.0;3.0
5.0;0.0;False;0.0;0.0;8.0;1.666666667;0.0;0.0;0.0;0.0;5.0
4.0;0.0;False;0.0;0.0;12.0;0.8;0.0;0.0;0.0;0.0;7.0
0.0;0.0;False;0.0;0.0;0.0;0.0;0.0;0.0;0.0;0.0;0.0
4.0;0.0;False;0.0;0.0;7.0;2.0;0.0;0.0;0.0;0.0;4.0
3.0;0.0;False;0.0;0.0;8.0;1.0;0.0;0.0;0.0;0.0;5.0
2.0;0.0;False;0.0;0.0;6.0;2.0;0.0;0.0;0.0;0.0;3.0
14.0;0.0;False;0.0;0.0;13.0;2.8;0.0;0.0;0.0;0.0;7.0
22.0;0.0;False;0.0;0.0;31.0;2.2;0.0;0.0;0.0;0.0;12.0
0.0;0.0;False;0.0;0.0;0.0;0.0;0.0;0.0;0.0;0.0;0.0
25.0;0.0;False;0.0;0.0;14.0;4.166666667;0.0;0.0;0.0;0.0;8.0
8.0;0.0;False;0.0;1.0;49.0;2.0;4.0;3.0;0.0;0.0;33.0
34.0;0.0;False;0.0;0.0;36.0;2.0;0.0;0.0;0.0;0.0;19.0
0.0;0.0;False;0.0;0.0;0.0;0.0;0.0;0.0;0.0;0.0;0.0
1.0;0.0;False;0.0;0.0;3.0;1.0;0.0;0.0;0.0;0.0;3.0
2.0;0.0;False;0.0;0.0;3.0;2.0;0.0;0.0;0.0;0.0;3.0
29.0;0.0;False;0.0;2.0;191.0;2.416666667;3.0;0.0;0.0;1.0;168.0
15.5;0.0;False;0.0;0.0;111.0;1.409090909;11.0;0.0;0.0;3.0;92.0
23.0;0.0;False;0.0;0.0;170.0;1.916666667;3.0;0.0;0.0;3.0;142.0
14.0;0.0;False;0.0;0.0;92.0;2.333333333;6.0;0.0;0.0;3.0;79.0
163.384615385;0.0;False;0.0;16.0;253.0;10.211538462;3.0;0.0;0.0;1.0;141.0
37.0;0.0;False;0.0;0.0;28.0;4.1111111110000005;0.0;0.0;0.0;0.0;11.0
0.0;0.0;False;0.0;0.0;0.0;0.0;0.0;0.0;0.0;0.0;0.0
18.0;0.0;False;0.0;0.0;42.0;1.125;0.0;0.0;0.0;0.0;24.0
9.0;0.0;False;0.0;0.0;30.0;1.0;0.0;0.0;0.0;0.0;11.0
35.0;0.0;False;0.0;1.0;201.0;1.590909091;21.0;0.0;0.0;1.0;148.0
23.0;0.0;False;0.0;0.0;35.0;1.4375;0.0;0.0;0.0;0.0;18.0
2.0;0.0;False;0.0;0.0;11.0;1.0;2.0;0.0;0.0;0.0;8.0
5.0;0.0;False;0.0;0.0;27.0;1.666666667;0.0;0.0;0.0;0.0;5.0
5.0;0.0;False;0.0;0.0;27.0;1.666666667;0.0;0.0;0.0;0.0;5.0
8.0;0.0;False;0.0;0.0;31.0;1.333333333;6.0;0.0;0.0;0.0;22.0
11.0;0.0;False;0.0;0.0;61.0;1.0;11.0;0.0;0.0;0.0;45.0
0.0;0.0;False;0.0;0.0;0.0;0.0;0.0;0.0;0.0;0.0;0.0
66.476190476;0.0;False;0.0;0.0;148.0;3.498746867;19.0;1.0;0.0;1.0;109.0
28.0;0.0;False;0.0;1.0;132.0;1.333333333;20.0;2.0;0.0;0.0;108.0
5.0;0.0;False;0.0;0.0;21.0;1.666666667;3.0;0.0;0.0;0.0;19.0
1.0;0.0;False;0.0;0.0;5.0;1.0;0.0;0.0;0.0;0.0;3.0
1.0;0.0;False;0.0;0.0;9.0;0.333333333;0.0;0.0;0.0;0.0;5.0
1.0;0.0;False;0.0;0.0;5.0;1.0;0.0;0.0;0.0;0.0;3.0
63.285714286;0.0;False;0.0;0.0;116.0;4.219047619;14.0;0.0;0.0;0.0;94.0
1.0;0.0;False;0.0;0.0;4.0;1.0;0.0;0.0;0.0;0.0;3.0
4.0;0.0;False;0.0;0.0;38.0;0.8;0.0;0.0;0.0;0.0;10.0
4.0;0.0;False;0.0;0.0;6.0;2.0;0.0;0.0;0.0;0.0;4.0
0.0;0.0;False;0.0;0.0;0.0;0.0;0.0;0.0;0.0;0.0;0.0
8.0;0.0;False;0.0;0.0;79.0;2.666666667;0.0;0.0;0.0;0.0;17.0
8.0;0.0;False;0.0;0.0;79.0;2.666666667;0.0;0.0;0.0;0.0;17.0
8.0;0.0;False;0.0;0.0;79.0;2.666666667;0.0;0.0;0.0;0.0;17.0
3.0;0.0;False;0.0;0.0;21.0;1.0;0.0;0.0;0.0;0.0;5.0
2.0;0.0;False;0.0;0.0;16.0;1.0;0.0;0.0;0.0;0.0;4.0
1.0;0.0;False;0.0;0.0;9.0;0.333333333;0.0;0.0;0.0;0.0;5.0
3.0;0.0;False;0.0;0.0;12.0;3.0;0.0;0.0;0.0;0.0;3.0
10.0;0.0;True;0.0;5.0;120.0;2.0;1.0;0.0;0.0;7.0;78.0
0.0;0.0;False;0.0;0.0;0.0;0.0;0.0;0.0;0.0;0.0;0.0
0.0;0.0;False;0.0;0.0;0.0;0.0;0.0;0.0;0.0;0.0;0.0
0.0;0.0;False;0.0;0.0;0.0;0.0;0.0;0.0;0.0;0.0;0.0
0.0;0.0;False;0.0;0.0;0.0;0.0;0.0;0.0;0.0;0.0;0.0
0.0;0.0;False;0.0;0.0;0.0;0.0;0.0;0.0;0.0;0.0;0.0
0.0;0.0;False;0.0;0.0;0.0;0.0;0.0;0.0;0.0;0.0;0.0
0.0;0.0;False;0.0;0.0;0.0;0.0;0.0;0.0;0.0;0.0;0.0
0.0;0.0;False;0.0;0.0;0.0;0.0;0.0;0.0;0.0;0.0;0.0
0.0;0.0;False;0.0;0.0;0.0;0.0;0.0;0.0;0.0;0.0;0.0
0.0;0.0;False;0.0;0.0;0.0;0.0;0.0;0.0;0.0;0.0;0.0
0.0;0.0;False;0.0;0.0;0.0;0.0;0.0;0.0;0.0;0.0;0.0
0.0;0.0;False;0.0;0.0;0.0;0.0;0.0;0.0;0.0;0.0;0.0
0.0;0.0;False;0.0;0.0;0.0;0.0;0.0;0.0;0.0;0.0;0.0
0.0;0.0;False;0.0;0.0;0.0;0.0;0.0;0.0;0.0;0.0;0.0
0.0;0.0;False;0.0;0.0;0.0;0.0;0.0;0.0;0.0;0.0;0.0
0.0;0.0;True;0.0;0.0;0.0;0.0;0.0;0.0;0.0;0.0;0.0
116.833333333;0.0;False;0.0;0.0;593.0;1.062121212;110.0;8.0;0.0;8.0;393.0
47.0;0.0;False;0.0;0.0;284.0;1.807692308;24.0;8.0;0.0;1.0;208.0
47.0;0.0;False;0.0;0.0;284.0;1.807692308;24.0;8.0;0.0;1.0;208.0
0.0;0.0;False;0.0;0.0;0.0;0.0;0.0;0.0;0.0;0.0;0.0
0.0;0.0;False;0.0;0.0;0.0;0.0;0.0;0.0;0.0;0.0;0.0
0.0;0.0;False;0.0;0.0;0.0;0.0;0.0;0.0;0.0;0.0;0.0
0.0;0.0;False;0.0;0.0;0.0;0.0;0.0;0.0;0.0;0.0;0.0
0.0;0.0;False;0.0;0.0;0.0;0.0;0.0;0.0;0.0;0.0;0.0
0.0;0.0;False;0.0;0.0;0.0;0.0;0.0;0.0;0.0;0.0;0.0
0.0;0.0;False;0.0;0.0;0.0;0.0;0.0;0.0;0.0;0.0;0.0
0.0;0.0;False;0.0;0.0;0.0;0.0;0.0;0.0;0.0;0.0;0.0
0.0;0.0;False;0.0;0.0;0.0;0.0;0.0;0.0;0.0;0.0;0.0
0.0;0.0;False;0.0;0.0;0.0;0.0;0.0;0.0;0.0;0.0;0.0
0.0;0.0;False;0.0;0.0;0.0;0.0;0.0;0.0;0.0;0.0;0.0
0.0;0.0;False;0.0;0.0;0.0;0.0;0.0;0.0;0.0;0.0;0.0
0.0;0.0;False;0.0;0.0;0.0;0.0;0.0;0.0;0.0;0.0;0.0
0.0;0.0;False;0.0;0.0;0.0;0.0;0.0;0.0;0.0;0.0;0.0
0.0;0.0;False;0.0;0.0;0.0;0.0;0.0;0.0;0.0;0.0;0.0
0.0;0.0;False;0.0;0.0;0.0;0.0;0.0;0.0;0.0;0.0;0.0
0.0;0.0;False;0.0;0.0;0.0;0.0;0.0;0.0;0.0;0.0;0.0
0.0;0.0;False;0.0;0.0;0.0;0.0;0.0;0.0;0.0;0.0;0.0
0.0;0.0;False;0.0;0.0;0.0;0.0;0.0;0.0;0.0;0.0;0.0
0.0;0.0;False;0.0;0.0;0.0;0.0;0.0;0.0;0.0;0.0;0.0
0.0;0.0;False;0.0;0.0;0.0;0.0;0.0;0.0;0.0;0.0;0.0
0.0;0.0;False;0.0;0.0;0.0;0.0;0.0;0.0;0.0;0.0;0.0
0.0;0.0;False;0.0;0.0;0.0;0.0;0.0;0.0;0.0;0.0;0.0
0.0;0.0;False;0.0;0.0;0.0;0.0;0.0;0.0;0.0;0.0;0.0
0.0;0.0;False;0.0;0.0;0.0;0.0;0.0;0.0;0.0;0.0;0.0
0.0;0.0;False;0.0;0.0;0.0;0.0;0.0;0.0;0.0;0.0;0.0
0.0;0.0;False;0.0;0.0;0.0;0.0;0.0;0.0;0.0;0.0;0.0
0.0;0.0;False;0.0;0.0;0.0;0.0;0.0;0.0;0.0;0.0;0.0
0.0;0.0;False;0.0;0.0;0.0;0.0;0.0;0.0;0.0;0.0;0.0
0.0;0.0;True;0.0;0.0;0.0;0.0;0.0;0.0;0.0;0.0;0.0
0.0;0.0;False;0.0;0.0;0.0;0.0;0.0;0.0;0.0;0.0;0.0
0.0;0.0;False;0.0;0.0;0.0;0.0;0.0;0.0;0.0;0.0;0.0
0.0;0.0;False;0.0;0.0;0.0;0.0;0.0;0.0;0.0;0.0;0.0
0.0;0.0;False;0.0;0.0;0.0;0.0;0.0;0.0;0.0;0.0;0.0
0.0;0.0;False;0.0;0.0;0.0;0.0;0.0;0.0;0.0;0.0;0.0
0.0;0.0;False;0.0;0.0;0.0;0.0;0.0;0.0;0.0;0.0;0.0
0.0;0.0;False;0.0;0.0;0.0;0.0;0.0;0.0;0.0;0.0;0.0
0.0;0.0;False;0.0;0.0;0.0;0.0;0.0;0.0;0.0;0.0;0.0
0.0;0.0;False;0.0;0.0;0.0;0.0;0.0;0.0;0.0;0.0;0.0
0.0;0.0;False;0.0;0.0;0.0;0.0;0.0;0.0;0.0;0.0;0.0
0.0;0.0;False;0.0;0.0;0.0;0.0;0.0;0.0;0.0;0.0;0.0
0.0;0.0;False;0.0;0.0;0.0;0.0;0.0;0.0;0.0;0.0;0.0
0.0;0.0;False;0.0;0.0;0.0;0.0;0.0;0.0;0.0;0.0;0.0
0.0;0.0;False;0.0;0.0;0.0;0.0;0.0;0.0;0.0;0.0;0.0
0.0;0.0;False;0.0;0.0;0.0;0.0;0.0;0.0;0.0;0.0;0.0
0.0;0.0;False;0.0;0.0;0.0;0.0;0.0;0.0;0.0;0.0;0.0
0.0;0.0;False;0.0;0.0;0.0;0.0;0.0;0.0;0.0;0.0;0.0
0.0;0.0;False;0.0;0.0;0.0;0.0;0.0;0.0;0.0;0.0;0.0
0.0;0.0;False;0.0;0.0;0.0;0.0;0.0;0.0;0.0;0.0;0.0
0.0;0.0;False;0.0;0.0;0.0;0.0;0.0;0.0;0.0;0.0;0.0
0.0;0.0;False;0.0;0.0;0.0;0.0;0.0;0.0;0.0;0.0;0.0
0.0;0.0;False;0.0;0.0;0.0;0.0;0.0;0.0;0.0;0.0;0.0
0.0;0.0;False;0.0;0.0;0.0;0.0;0.0;0.0;0.0;0.0;0.0
0.0;0.0;False;0.0;0.0;0.0;0.0;0.0;0.0;0.0;0.0;0.0
0.0;0.0;False;0.0;0.0;0.0;0.0;0.0;0.0;0.0;0.0;0.0
0.0;0.0;False;0.0;0.0;0.0;0.0;0.0;0.0;0.0;0.0;0.0
0.0;0.0;False;0.0;0.0;0.0;0.0;0.0;0.0;0.0;0.0;0.0
0.0;0.0;False;0.0;0.0;0.0;0.0;0.0;0.0;0.0;0.0;0.0
0.0;0.0;False;0.0;0.0;0.0;0.0;0.0;0.0;0.0;0.0;0.0
0.0;0.0;False;0.0;0.0;0.0;0.0;0.0;0.0;0.0;0.0;0.0
0.0;0.0;False;0.0;0.0;0.0;0.0;0.0;0.0;0.0;0.0;0.0
0.0;0.0;False;0.0;0.0;0.0;0.0;0.0;0.0;0.0;0.0;0.0
0.0;0.0;False;0.0;0.0;0.0;0.0;0.0;0.0;0.0;0.0;0.0
0.0;0.0;False;0.0;0.0;0.0;0.0;0.0;0.0;0.0;0.0;0.0
0.0;0.0;False;0.0;0.0;0.0;0.0;0.0;0.0;0.0;0.0;0.0
0.0;0.0;False;0.0;0.0;0.0;0.0;0.0;0.0;0.0;0.0;0.0
0.0;0.0;False;0.0;0.0;0.0;0.0;0.0;0.0;0.0;0.0;0.0
12.0;0.0;False;0.0;0.0;29.0;0.923076923;0.0;0.0;0.0;0.0;15.0
11.0;0.0;False;0.0;0.0;55.0;1.833333333;0.0;0.0;0.0;0.0;8.0
2.0;0.0;False;0.0;1.0;22.0;1.0;1.0;0.0;0.0;1.0;11.0
19.0;0.0;False;0.0;0.0;64.0;3.166666667;0.0;0.0;0.0;0.0;8.0
6.0;0.0;False;0.0;0.0;55.0;0.857142857;0.0;0.0;0.0;0.0;9.0
13.0;0.0;False;0.0;0.0;76.0;1.4444444440000002;0.0;0.0;0.0;1.0;12.0
2.0;0.0;False;0.0;1.0;22.0;1.0;1.0;0.0;0.0;1.0;11.0
0.0;0.0;False;0.0;0.0;0.0;0.0;0.0;0.0;0.0;0.0;0.0
14.833333332999999;0.0;False;0.0;0.0;148.0;1.483333333;6.0;0.0;0.0;2.0;131.0
14.833333332999999;0.0;False;0.0;0.0;148.0;1.483333333;6.0;0.0;0.0;2.0;131.0
5.0;0.0;False;0.0;0.0;96.0;0.7142857140000001;6.0;0.0;0.0;0.0;66.0
5.0;0.0;False;0.0;0.0;96.0;0.7142857140000001;6.0;0.0;0.0;0.0;66.0
0.0;0.0;False;0.0;0.0;0.0;0.0;0.0;0.0;0.0;0.0;0.0
13.0;0.0;False;0.0;0.0;90.0;0.928571429;14.0;0.0;0.0;1.0;59.0
11.0;0.0;False;0.0;0.0;56.0;1.833333333;6.0;1.0;0.0;1.0;42.0
30.0;0.0;False;0.0;1.0;146.0;3.333333333;8.0;1.0;0.0;2.0;102.0
14.0;0.0;False;0.0;0.0;79.0;1.166666667;12.0;0.0;0.0;0.0;54.0
16.833333333;0.0;False;0.0;0.0;96.0;1.87037037;9.0;1.0;0.0;1.0;76.0
4.0;0.0;False;0.0;0.0;48.0;1.0;3.0;0.0;0.0;2.0;39.0
4.0;0.0;False;0.0;0.0;10.0;2.0;0.0;0.0;0.0;0.0;4.0
3.0;0.0;False;0.0;0.0;18.0;1.0;3.0;0.0;0.0;0.0;11.0
2.0;0.0;False;0.0;0.0;13.0;1.0;2.0;0.0;0.0;0.0;8.0
2.0;0.0;False;0.0;1.0;35.0;2.0;1.0;0.0;0.0;2.0;23.0
9.0;0.0;False;0.0;4.0;93.0;2.25;2.0;0.0;0.0;0.0;87.0
7.0;0.0;False;0.0;0.0;83.0;1.4;4.0;0.0;0.0;0.0;55.0
26.0;0.0;False;0.0;1.0;358.0;3.25;1.0;0.0;0.0;0.0;343.0
26.0;0.0;False;0.0;1.0;358.0;3.25;1.0;0.0;0.0;0.0;343.0
26.0;0.0;False;0.0;1.0;358.0;3.25;1.0;0.0;0.0;0.0;343.0
26.0;0.0;False;0.0;1.0;358.0;3.25;1.0;0.0;0.0;0.0;343.0
4.0;0.0;False;0.0;2.0;36.0;2.0;2.0;0.0;0.0;1.0;29.0
14.0;0.0;False;0.0;0.0;84.0;1.5555555559999998;9.0;0.0;0.0;0.0;72.0
10.0;0.0;False;0.0;4.0;52.0;2.5;4.0;0.0;0.0;2.0;45.0
3.0;0.0;False;0.0;1.0;21.0;3.0;1.0;0.0;0.0;0.0;13.0
22.0;0.0;False;0.0;10.0;143.0;2.2;10.0;0.0;0.0;0.0;117.0
19.0;0.0;False;0.0;0.0;164.0;1.357142857;11.0;11.0;0.0;12.0;109.0
19.5;0.0;False;0.0;8.0;71.0;2.4375;8.0;0.0;0.0;0.0;59.0
0.0;0.0;False;0.0;0.0;0.0;0.0;0.0;0.0;0.0;0.0;0.0
0.0;0.0;False;0.0;0.0;0.0;0.0;0.0;0.0;0.0;0.0;0.0
0.0;0.0;False;0.0;0.0;0.0;0.0;0.0;0.0;0.0;0.0;0.0
0.0;0.0;False;0.0;0.0;0.0;0.0;0.0;0.0;0.0;0.0;0.0
0.0;0.0;False;0.0;0.0;0.0;0.0;0.0;0.0;0.0;0.0;0.0
0.0;0.0;False;0.0;0.0;0.0;0.0;0.0;0.0;0.0;0.0;0.0
0.0;0.0;False;0.0;0.0;0.0;0.0;0.0;0.0;0.0;0.0;0.0
0.0;0.0;False;0.0;0.0;0.0;0.0;0.0;0.0;0.0;0.0;0.0
0.0;0.0;False;0.0;0.0;0.0;0.0;0.0;0.0;0.0;0.0;0.0
0.0;0.0;False;0.0;0.0;0.0;0.0;0.0;0.0;0.0;0.0;0.0
0.0;0.0;False;0.0;0.0;0.0;0.0;0.0;0.0;0.0;0.0;0.0
0.0;0.0;False;0.0;0.0;0.0;0.0;0.0;0.0;0.0;0.0;0.0
0.0;0.0;False;0.0;0.0;0.0;0.0;0.0;0.0;0.0;0.0;0.0
0.0;0.0;False;0.0;0.0;0.0;0.0;0.0;0.0;0.0;0.0;0.0
2.0;0.0;False;0.0;0.0;5.0;2.0;0.0;0.0;0.0;0.0;3.0
2.0;0.0;False;0.0;0.0;5.0;2.0;0.0;0.0;0.0;0.0;3.0
0.0;0.0;False;0.0;0.0;0.0;0.0;0.0;0.0;0.0;0.0;0.0
16.5;0.0;False;0.0;3.0;80.0;1.65;8.0;0.0;0.0;2.0;66.0
0.0;0.0;False;0.0;0.0;0.0;0.0;0.0;0.0;0.0;0.0;0.0
0.0;0.0;False;0.0;0.0;0.0;0.0;0.0;0.0;0.0;0.0;0.0
0.0;0.0;False;0.0;0.0;0.0;0.0;0.0;0.0;0.0;0.0;0.0
4.0;0.0;False;0.0;0.0;17.0;2.0;2.0;0.0;0.0;0.0;13.0
0.0;0.0;False;0.0;0.0;0.0;0.0;0.0;0.0;0.0;0.0;0.0
12.5;0.0;False;0.0;6.0;101.0;2.083333333;4.0;0.0;0.0;1.0;90.0
2.0;0.0;False;0.0;0.0;8.0;2.0;1.0;0.0;0.0;0.0;5.0
48.0;0.0;False;0.0;6.0;202.0;3.692307692;1.0;0.0;0.0;1.0;165.0
4.0;0.0;False;0.0;0.0;14.0;2.0;2.0;0.0;0.0;0.0;9.0
0.0;0.0;False;0.0;0.0;0.0;0.0;0.0;0.0;0.0;0.0;0.0
4.0;0.0;False;0.0;0.0;14.0;2.0;2.0;0.0;0.0;0.0;9.0
4.0;0.0;False;0.0;0.0;14.0;2.0;2.0;0.0;0.0;0.0;9.0
0.0;0.0;False;0.0;0.0;0.0;0.0;0.0;0.0;0.0;0.0;0.0
4.0;0.0;False;0.0;0.0;18.0;1.333333333;1.0;0.0;0.0;1.0;11.0
1.0;0.0;False;0.0;0.0;5.0;1.0;0.0;0.0;0.0;0.0;3.0
3.0;0.0;False;0.0;0.0;5.0;3.0;0.0;0.0;0.0;0.0;3.0
0.0;0.0;False;0.0;0.0;0.0;0.0;0.0;0.0;0.0;0.0;0.0
0.0;0.0;False;0.0;0.0;0.0;0.0;0.0;0.0;0.0;0.0;0.0
0.0;0.0;False;0.0;0.0;0.0;0.0;0.0;0.0;0.0;0.0;0.0
0.0;0.0;False;0.0;0.0;0.0;0.0;0.0;0.0;0.0;0.0;0.0
0.0;0.0;False;0.0;0.0;0.0;0.0;0.0;0.0;0.0;0.0;0.0
0.0;0.0;False;0.0;0.0;0.0;0.0;0.0;0.0;0.0;0.0;0.0
0.0;0.0;False;0.0;0.0;0.0;0.0;0.0;0.0;0.0;0.0;0.0
0.0;0.0;False;0.0;0.0;0.0;0.0;0.0;0.0;0.0;0.0;0.0
0.0;0.0;False;0.0;0.0;0.0;0.0;0.0;0.0;0.0;0.0;0.0
0.0;0.0;False;0.0;0.0;0.0;0.0;0.0;0.0;0.0;0.0;0.0
0.0;0.0;False;0.0;0.0;0.0;0.0;0.0;0.0;0.0;0.0;0.0
0.0;0.0;False;0.0;0.0;0.0;0.0;0.0;0.0;0.0;0.0;0.0
0.0;0.0;False;0.0;0.0;0.0;0.0;0.0;0.0;0.0;0.0;0.0
0.0;0.0;False;0.0;0.0;0.0;0.0;0.0;0.0;0.0;0.0;0.0
0.0;0.0;False;0.0;0.0;0.0;0.0;0.0;0.0;0.0;0.0;0.0
0.0;0.0;False;0.0;0.0;0.0;0.0;0.0;0.0;0.0;0.0;0.0
0.0;0.0;False;0.0;0.0;0.0;0.0;0.0;0.0;0.0;0.0;0.0
0.0;0.0;False;0.0;0.0;0.0;0.0;0.0;0.0;0.0;0.0;0.0
0.0;0.0;False;0.0;0.0;0.0;0.0;0.0;0.0;0.0;0.0;0.0
0.0;0.0;False;0.0;0.0;0.0;0.0;0.0;0.0;0.0;0.0;0.0
0.0;0.0;False;0.0;0.0;0.0;0.0;0.0;0.0;0.0;0.0;0.0
0.0;0.0;False;0.0;0.0;0.0;0.0;0.0;0.0;0.0;0.0;0.0
14.0;0.0;False;0.0;2.0;124.0;2.0;1.0;0.0;0.0;10.0;107.0
14.0;0.0;False;0.0;2.0;124.0;2.0;1.0;0.0;0.0;10.0;107.0
13.0;0.0;False;0.0;1.0;120.0;1.857142857;5.0;0.0;0.0;6.0;110.0
1.0;0.0;False;0.0;1.0;13.0;1.0;0.0;0.0;0.0;0.0;5.0
16.0;0.0;False;0.0;7.0;64.0;2.285714286;0.0;0.0;0.0;2.0;55.0
26.5;0.0;False;0.0;10.0;149.0;2.038461538;1.0;0.0;0.0;5.0;121.0
6.0;0.0;False;0.0;0.0;29.0;3.0;1.0;0.0;0.0;0.0;24.0
0.0;0.0;False;0.0;0.0;0.0;0.0;0.0;0.0;0.0;0.0;0.0
90.5;0.0;False;0.0;0.0;378.0;1.675925926;37.0;0.0;0.0;0.0;304.0
3.0;0.0;False;0.0;0.0;5.0;3.0;0.0;0.0;0.0;0.0;3.0
66.0;0.0;False;0.0;15.0;289.0;4.4;4.0;0.0;0.0;1.0;262.0
66.0;0.0;False;0.0;15.0;289.0;4.4;4.0;0.0;0.0;1.0;262.0
0.0;0.0;False;0.0;0.0;0.0;0.0;0.0;0.0;0.0;0.0;0.0
12.0;0.0;False;0.0;1.0;91.0;2.0;0.0;0.0;0.0;0.0;92.0
0.0;0.0;False;0.0;0.0;0.0;0.0;0.0;0.0;0.0;0.0;0.0
63.0;0.0;False;0.0;0.0;469.0;2.8636363639999995;5.0;0.0;0.0;0.0;376.0
63.0;0.0;False;0.0;0.0;469.0;2.8636363639999995;5.0;0.0;0.0;0.0;376.0
63.0;0.0;False;0.0;0.0;469.0;2.8636363639999995;5.0;0.0;0.0;0.0;376.0
63.0;0.0;False;0.0;0.0;469.0;2.8636363639999995;5.0;0.0;0.0;0.0;376.0
63.0;0.0;False;0.0;0.0;469.0;2.8636363639999995;5.0;0.0;0.0;0.0;376.0
63.0;0.0;False;0.0;0.0;469.0;2.8636363639999995;5.0;0.0;0.0;0.0;376.0
63.0;0.0;False;0.0;0.0;469.0;2.8636363639999995;5.0;0.0;0.0;0.0;376.0
63.0;0.0;False;0.0;0.0;469.0;2.8636363639999995;5.0;0.0;0.0;0.0;376.0
0.0;0.0;False;0.0;0.0;0.0;0.0;0.0;0.0;0.0;0.0;0.0
9.0;0.0;False;0.0;0.0;33.0;1.8;4.0;0.0;0.0;0.0;25.0
1.0;0.0;False;0.0;0.0;5.0;1.0;0.0;0.0;0.0;0.0;3.0
42.0;0.0;False;0.0;20.0;321.0;2.1;3.0;3.0;0.0;14.0;233.0
0.0;0.0;False;0.0;0.0;0.0;0.0;0.0;0.0;0.0;0.0;0.0
0.0;0.0;False;0.0;0.0;0.0;0.0;0.0;0.0;0.0;0.0;0.0
0.0;0.0;False;0.0;0.0;0.0;0.0;0.0;0.0;0.0;0.0;0.0
13.0;0.0;False;0.0;0.0;34.0;2.6;4.0;0.0;0.0;0.0;26.0
2.0;0.0;False;0.0;0.0;5.0;2.0;0.0;0.0;0.0;0.0;3.0
2.0;0.0;False;0.0;0.0;7.0;2.0;0.0;0.0;0.0;0.0;3.0
16.0;0.0;False;0.0;1.0;67.0;3.2;4.0;0.0;0.0;0.0;52.0
16.0;0.0;False;0.0;1.0;67.0;3.2;4.0;0.0;0.0;0.0;52.0
0.0;0.0;False;0.0;0.0;0.0;0.0;0.0;0.0;0.0;0.0;0.0
24.333333333000002;0.0;False;0.0;2.0;349.0;1.738095238;7.0;6.0;0.0;12.0;199.0
24.333333333000002;0.0;False;0.0;2.0;349.0;1.738095238;7.0;6.0;0.0;12.0;199.0
51.0;0.0;False;0.0;0.0;321.0;1.821428571;20.0;0.0;0.0;0.0;256.0
51.0;0.0;False;0.0;0.0;321.0;1.821428571;20.0;0.0;0.0;0.0;256.0
51.0;0.0;False;0.0;0.0;321.0;1.821428571;20.0;0.0;0.0;0.0;256.0
13.0;0.0;False;0.0;0.0;35.0;2.166666667;4.0;0.0;0.0;0.0;27.0
0.0;0.0;False;0.0;0.0;0.0;0.0;0.0;0.0;0.0;0.0;0.0
0.0;0.0;False;0.0;0.0;0.0;0.0;0.0;0.0;0.0;0.0;0.0
0.0;0.0;False;0.0;0.0;0.0;0.0;0.0;0.0;0.0;0.0;0.0
0.0;0.0;False;0.0;0.0;0.0;0.0;0.0;0.0;0.0;0.0;0.0
0.0;0.0;False;0.0;0.0;0.0;0.0;0.0;0.0;0.0;0.0;0.0
0.0;0.0;False;0.0;0.0;0.0;0.0;0.0;0.0;0.0;0.0;0.0
0.0;0.0;False;0.0;0.0;0.0;0.0;0.0;0.0;0.0;0.0;0.0
0.0;0.0;False;0.0;0.0;0.0;0.0;0.0;0.0;0.0;0.0;0.0
0.0;0.0;False;0.0;0.0;0.0;0.0;0.0;0.0;0.0;0.0;0.0
0.0;0.0;False;0.0;0.0;0.0;0.0;0.0;0.0;0.0;0.0;0.0
0.0;0.0;False;0.0;0.0;0.0;0.0;0.0;0.0;0.0;0.0;0.0
0.0;0.0;False;0.0;0.0;0.0;0.0;0.0;0.0;0.0;0.0;0.0
0.0;0.0;False;0.0;0.0;0.0;0.0;0.0;0.0;0.0;0.0;0.0
0.0;0.0;False;0.0;0.0;0.0;0.0;0.0;0.0;0.0;0.0;0.0
0.0;0.0;False;0.0;0.0;0.0;0.0;0.0;0.0;0.0;0.0;0.0
0.0;0.0;False;0.0;0.0;0.0;0.0;0.0;0.0;0.0;0.0;0.0
